product_name,product_type
Laptop,General
Office Chair,General
Table Lamp,General
Smartphone Case,General
Notebook,General
Organic Bananas,Food
Whole Wheat Bread,Food
Almond Milk,Food
Frozen Pizza,Food
Energy Bar,Food
Men's Leather Jacket,Clothing
Women's Running Shoes,Clothing
Cotton Socks,Clothing
Denim Jeans,Clothing
Winter Gloves,Clothing
E-book: Python Programming,Digital
Online Course Subscription,Digital
Software License,Digital
Music Streaming Plan,Digital
Cloud Storage Service,Digital
Industrial Drill,Manufacturing
Bulk Steel Sheets,Manufacturing
Hydraulic Pump,Manufacturing
Automotive Bearings,Manufacturing
3D Printer Filament,Manufacturing
Standing Desk,General
Bluetooth Speaker,General
LED Monitor,General
USB-C Charger,General
Ergonomic Keyboard,General
Greek Yogurt,Food
Organic Honey,Food
Brown Rice,Food
Gluten-Free Pasta,Food
Cold Brew Coffee,Food
Unisex Hoodie,Clothing
Athletic Leggings,Clothing
Canvas Sneakers,Clothing
Baseball Cap,Clothing
Wool Scarf,Clothing
Anti-Virus Software,Digital
Graphic Design Tool Subscription,Digital
Online Newspaper Paywall,Digital
Video Editing Software,Digital
Premium Stock Photos,Digital
Welding Rods,Manufacturing
Industrial Conveyor Belt,Manufacturing
Heavy-Duty Chains,Manufacturing
Precision Ball Bearings,Manufacturing
Construction Adhesive,Manufacturing
Wireless Mouse,General
HDMI Cable,General
Office Desk,General
Smart Light Bulb,General
Electric Kettle,General
Portable Hard Drive,General
Cordless Vacuum Cleaner,General
Surge Protector,General
Wall Mount Bracket,General
Power Bank,General
Protein Powder,Food
Dairy-Free Cheese,Food
Instant Oatmeal,Food
Organic Peanut Butter,Food
Keto Snack Bar,Food
Sparkling Water,Food
Plant-Based Meat,Food
Canned Tuna,Food
Energy Drink,Food
Whole Grain Cereal,Food
Men's Dress Shirt,Clothing
Women's Summer Dress,Clothing
Waterproof Hiking Boots,Clothing
Thermal Socks,Clothing
Compression Shorts,Clothing
Leather Handbag,Clothing
Sports Sunglasses,Clothing
Winter Beanie,Clothing
Swim Trunks,Clothing
Cotton Polo Shirt,Clothing
Video Game Subscription,Digital
Cloud Hosting Plan,Digital
VPN Subscription,Digital
Online Fitness Program,Digital
E-learning Course,Digital
Stock Market Analysis Software,Digital
Digital Photography Bundle,Digital
Premium Podcast Subscription,Digital
AI Writing Assistant,Digital
Cloud Security Software,Digital
Steel Pipes,Manufacturing
Industrial Paint,Manufacturing
Electric Motor,Manufacturing
Bulk Copper Wire,Manufacturing
Construction Safety Gear,Manufacturing
CNC Machine Parts,Manufacturing
Factory Conveyor Rollers,Manufacturing
Hydraulic Hoses,Manufacturing
Welding Safety Helmet,Manufacturing
Pneumatic Tools,Manufacturing
Cabernet Sauvignon Wine,Alcohol
Craft IPA Beer,Alcohol
Aged Whiskey,Alcohol
Tequila Blanco,Alcohol
Vodka 750ml,Alcohol
Rum Dark Reserve,Alcohol
Champagne Brut,Alcohol
Japanese Sake,Alcohol
Hard Seltzer Variety Pack,Alcohol
Bourbon Barrel-Aged Stout,Alcohol
Car Battery 12V,Automobile
All-Season Tires,Automobile
Motor Oil 5W-30,Automobile
LED Headlights,Automobile
Brake Pads Set,Automobile
Engine Air Filter,Automobile
Dashboard Camera,Automobile
Car Seat Covers,Automobile
Wireless Car Charger,Automobile
Steering Wheel Cover,Automobile
Amoxicillin 500mg,Prescription
Lisinopril 10mg,Prescription
Metformin 1000mg,Prescription
Atorvastatin 20mg,Prescription
Albuterol Inhaler,Prescription
Levothyroxine 50mcg,Prescription
Omeprazole 20mg,Prescription
Insulin Injection Pen,Prescription
Sertraline 50mg,Prescription
Prednisone 5mg,Prescription
USB Hub (Organic),General
Desk Lamp - Bulk Pack,General
Smartphone - Premium Quality,General
Office Chair - Bulk Pack,General
Gaming Mouse (Organic),General
Desk Lamp,General
Monitor Stand,General
USB Hub - Bulk Pack,General
Monitor Stand - Bulk Pack,General
Monitor Stand (Organic),General
Monitor Stand,General
Office Chair - Premium Quality,General
Office Chair (Organic),General
Smartphone (Organic),General
Office Chair - 2024 Model,General
Wireless Charger (Organic),General
USB Hub - 2024 Model,General
Monitor Stand - 2024 Model,General
Monitor Stand - Premium Quality,General
Laptop (Limited Edition),General
Wireless Charger - Bulk Pack,General
Office Chair (Organic),General
Laptop - Bulk Pack,General
Wireless Charger - Premium Quality,General
Laptop,General
Monitor Stand (Organic),General
Monitor Stand - 2024 Model,General
Gaming Mouse - 2024 Model,General
Gaming Mouse,General
Wireless Charger (Limited Edition),General
Smartphone (Limited Edition),General
Desk Lamp - Bulk Pack,General
Smartphone - Premium Quality,General
Laptop - Bulk Pack,General
Laptop - Premium Quality,General
Smartphone - Premium Quality,General
Desk Lamp (Limited Edition),General
Office Chair (Limited Edition),General
Wireless Charger,General
Wireless Charger (Limited Edition),General
Desk Lamp,General
Gaming Mouse - 2024 Model,General
Office Chair - Premium Quality,General
Desk Lamp (Limited Edition),General
Smartphone - Bulk Pack,General
Wireless Charger - 2024 Model,General
USB Hub,General
Gaming Mouse (Limited Edition),General
USB Hub (Limited Edition),General
Smartphone (Limited Edition),General
Monitor Stand,General
Smartphone (Limited Edition),General
Smartphone,General
Gaming Mouse - 2024 Model,General
Gaming Mouse - Bulk Pack,General
Desk Lamp (Limited Edition),General
Laptop - 2024 Model,General
Wireless Charger - Premium Quality,General
Monitor Stand (Limited Edition),General
Smartphone - 2024 Model,General
Wireless Charger - Bulk Pack,General
Laptop (Organic),General
Laptop (Organic),General
Laptop,General
Smartphone (Organic),General
Gaming Mouse,General
Wireless Charger (Limited Edition),General
Wireless Charger - Bulk Pack,General
Smartphone - Premium Quality,General
Gaming Mouse - Premium Quality,General
Monitor Stand (Limited Edition),General
Wireless Charger (Limited Edition),General
Gaming Mouse,General
Office Chair (Limited Edition),General
Wireless Charger - Premium Quality,General
Monitor Stand - 2024 Model,General
Monitor Stand (Organic),General
Monitor Stand,General
Smartphone - 2024 Model,General
Desk Lamp - 2024 Model,General
Smartphone - Bulk Pack,General
Gaming Mouse - 2024 Model,General
Laptop (Organic),General
Smartphone,General
Monitor Stand - Premium Quality,General
Laptop - 2024 Model,General
Office Chair,General
Office Chair,General
Gaming Mouse (Limited Edition),General
Laptop (Organic),General
Desk Lamp (Organic),General
Wireless Charger - 2024 Model,General
Office Chair (Limited Edition),General
Gaming Mouse - Bulk Pack,General
USB Hub,General
Smartphone,General
Gaming Mouse - 2024 Model,General
Gaming Mouse (Organic),General
Smartphone (Organic),General
Wireless Charger (Limited Edition),General
Monitor Stand - Premium Quality,General
Gaming Mouse (Limited Edition),General
Gaming Mouse - 2024 Model,General
Wireless Charger,General
USB Hub - 2024 Model,General
Gaming Mouse - Bulk Pack,General
Office Chair - Bulk Pack,General
USB Hub - Premium Quality,General
USB Hub (Organic),General
Gaming Mouse - 2024 Model,General
Desk Lamp - Premium Quality,General
Wireless Charger - Bulk Pack,General
Wireless Charger (Organic),General
Gaming Mouse (Limited Edition),General
Monitor Stand - 2024 Model,General
Office Chair,General
Desk Lamp - Premium Quality,General
Gaming Mouse (Organic),General
USB Hub - Bulk Pack,General
Monitor Stand - 2024 Model,General
Gaming Mouse (Limited Edition),General
Office Chair - Bulk Pack,General
Office Chair (Limited Edition),General
Desk Lamp - Bulk Pack,General
Monitor Stand (Organic),General
Smartphone (Organic),General
Laptop - Bulk Pack,General
Desk Lamp,General
Smartphone (Organic),General
USB Hub (Limited Edition),General
Laptop - Premium Quality,General
USB Hub - 2024 Model,General
Gaming Mouse - Premium Quality,General
Desk Lamp (Organic),General
Wireless Charger - Premium Quality,General
Wireless Charger - Bulk Pack,General
Desk Lamp,General
Gaming Mouse - Bulk Pack,General
Desk Lamp (Limited Edition),General
Smartphone - Bulk Pack,General
Office Chair (Organic),General
Gaming Mouse - 2024 Model,General
Wireless Charger - 2024 Model,General
Laptop (Organic),General
Laptop (Limited Edition),General
Monitor Stand (Organic),General
Gaming Mouse (Limited Edition),General
Gaming Mouse - Bulk Pack,General
Gaming Mouse,General
Office Chair - Bulk Pack,General
Cold Brew Coffee - Premium Quality,Food
Almond Butter - Bulk Pack,Food
Protein Bar - Premium Quality,Food
Almond Butter,Food
Cold Brew Coffee - Premium Quality,Food
Gluten-Free Pasta - 2024 Model,Food
Protein Bar - 2024 Model,Food
Almond Butter (Limited Edition),Food
Gluten-Free Pasta,Food
Whole Grain Bread (Limited Edition),Food
Protein Bar - Bulk Pack,Food
Frozen Veggies (Limited Edition),Food
Whole Grain Bread - 2024 Model,Food
Almond Butter - Premium Quality,Food
Gluten-Free Pasta,Food
Frozen Veggies - Bulk Pack,Food
Greek Yogurt - Bulk Pack,Food
Almond Butter (Limited Edition),Food
Protein Bar (Limited Edition),Food
Whole Grain Bread - 2024 Model,Food
Frozen Veggies (Organic),Food
Organic Eggs - 2024 Model,Food
Protein Bar (Organic),Food
Organic Eggs - Bulk Pack,Food
Frozen Veggies (Limited Edition),Food
Greek Yogurt - 2024 Model,Food
Protein Bar - Bulk Pack,Food
Protein Bar (Organic),Food
Frozen Veggies - 2024 Model,Food
Whole Grain Bread - Bulk Pack,Food
Cold Brew Coffee,Food
Organic Eggs (Limited Edition),Food
Gluten-Free Pasta (Organic),Food
Organic Eggs - 2024 Model,Food
Organic Eggs (Limited Edition),Food
Protein Bar - Premium Quality,Food
Organic Eggs - Bulk Pack,Food
Frozen Veggies - Premium Quality,Food
Greek Yogurt - 2024 Model,Food
Protein Bar,Food
Organic Eggs - 2024 Model,Food
Whole Grain Bread (Organic),Food
Almond Butter - Premium Quality,Food
Almond Butter (Organic),Food
Gluten-Free Pasta,Food
Cold Brew Coffee (Limited Edition),Food
Cold Brew Coffee,Food
Cold Brew Coffee - Premium Quality,Food
Greek Yogurt - Bulk Pack,Food
Greek Yogurt - Premium Quality,Food
Gluten-Free Pasta - Premium Quality,Food
Frozen Veggies - 2024 Model,Food
Greek Yogurt - Premium Quality,Food
Organic Eggs - Bulk Pack,Food
Whole Grain Bread,Food
Whole Grain Bread - Premium Quality,Food
Gluten-Free Pasta - Premium Quality,Food
Protein Bar - Bulk Pack,Food
Whole Grain Bread - Premium Quality,Food
Whole Grain Bread - Premium Quality,Food
Cold Brew Coffee (Limited Edition),Food
Greek Yogurt (Organic),Food
Whole Grain Bread - 2024 Model,Food
Protein Bar - Premium Quality,Food
Frozen Veggies - Bulk Pack,Food
Cold Brew Coffee,Food
Organic Eggs (Limited Edition),Food
Frozen Veggies - Premium Quality,Food
Cold Brew Coffee - 2024 Model,Food
Gluten-Free Pasta - Premium Quality,Food
Almond Butter (Organic),Food
Greek Yogurt (Limited Edition),Food
Organic Eggs - Premium Quality,Food
Protein Bar - 2024 Model,Food
Cold Brew Coffee (Limited Edition),Food
Almond Butter,Food
Greek Yogurt - Premium Quality,Food
Organic Eggs (Limited Edition),Food
Whole Grain Bread (Limited Edition),Food
Greek Yogurt (Limited Edition),Food
Frozen Veggies - Bulk Pack,Food
Frozen Veggies,Food
Frozen Veggies,Food
Almond Butter (Organic),Food
Organic Eggs,Food
Protein Bar - Bulk Pack,Food
Protein Bar - Premium Quality,Food
Organic Eggs (Organic),Food
Protein Bar,Food
Gluten-Free Pasta - Premium Quality,Food
Gluten-Free Pasta,Food
Whole Grain Bread - Bulk Pack,Food
Almond Butter (Organic),Food
Protein Bar - Premium Quality,Food
Greek Yogurt (Limited Edition),Food
Cold Brew Coffee - Bulk Pack,Food
Gluten-Free Pasta (Limited Edition),Food
Gluten-Free Pasta - Premium Quality,Food
Organic Eggs (Organic),Food
Protein Bar - Bulk Pack,Food
Protein Bar,Food
Whole Grain Bread (Organic),Food
Gluten-Free Pasta,Food
Frozen Veggies - 2024 Model,Food
Greek Yogurt - Bulk Pack,Food
Frozen Veggies,Food
Cold Brew Coffee - Premium Quality,Food
Gluten-Free Pasta - Bulk Pack,Food
Protein Bar - Premium Quality,Food
Almond Butter,Food
Organic Eggs - Premium Quality,Food
Protein Bar - Bulk Pack,Food
Frozen Veggies - Bulk Pack,Food
Greek Yogurt - Premium Quality,Food
Whole Grain Bread - Premium Quality,Food
Organic Eggs - 2024 Model,Food
Organic Eggs - Bulk Pack,Food
Greek Yogurt - Bulk Pack,Food
Cold Brew Coffee,Food
Frozen Veggies,Food
Almond Butter - Premium Quality,Food
Organic Eggs - Premium Quality,Food
Whole Grain Bread (Limited Edition),Food
Frozen Veggies - 2024 Model,Food
Gluten-Free Pasta - Premium Quality,Food
Whole Grain Bread - Bulk Pack,Food
Whole Grain Bread - 2024 Model,Food
Frozen Veggies (Limited Edition),Food
Cold Brew Coffee - Bulk Pack,Food
Organic Eggs (Organic),Food
Almond Butter,Food
Protein Bar (Organic),Food
Cold Brew Coffee - Bulk Pack,Food
Frozen Veggies - Bulk Pack,Food
Cold Brew Coffee - 2024 Model,Food
Protein Bar (Limited Edition),Food
Frozen Veggies - Premium Quality,Food
Greek Yogurt - Premium Quality,Food
Cold Brew Coffee,Food
Organic Eggs,Food
Gluten-Free Pasta - Bulk Pack,Food
Gluten-Free Pasta - 2024 Model,Food
Organic Eggs - 2024 Model,Food
Whole Grain Bread (Organic),Food
Greek Yogurt - Premium Quality,Food
Frozen Veggies (Limited Edition),Food
Whole Grain Bread (Organic),Food
Frozen Veggies - Premium Quality,Food
Whole Grain Bread (Organic),Food
Protein Bar - Premium Quality,Food
Men's Running Shoes (Organic),Clothing
Cotton T-Shirt (Organic),Clothing
Silk Scarf - Premium Quality,Clothing
Silk Scarf,Clothing
Men's Running Shoes - Bulk Pack,Clothing
Women's Winter Coat,Clothing
Snapback Cap - Bulk Pack,Clothing
Athletic Socks - Premium Quality,Clothing
Cotton T-Shirt - Premium Quality,Clothing
Silk Scarf,Clothing
Snapback Cap,Clothing
Athletic Socks,Clothing
Leather Belt (Limited Edition),Clothing
Denim Jacket (Organic),Clothing
Silk Scarf (Limited Edition),Clothing
Men's Running Shoes - Bulk Pack,Clothing
Leather Belt - 2024 Model,Clothing
Silk Scarf,Clothing
Silk Scarf - 2024 Model,Clothing
Silk Scarf - Premium Quality,Clothing
Men's Running Shoes - 2024 Model,Clothing
Denim Jacket (Organic),Clothing
Snapback Cap - Premium Quality,Clothing
Cotton T-Shirt,Clothing
Women's Winter Coat - Premium Quality,Clothing
Silk Scarf - 2024 Model,Clothing
Cotton T-Shirt - Premium Quality,Clothing
Athletic Socks - Premium Quality,Clothing
Snapback Cap - Bulk Pack,Clothing
Leather Belt,Clothing
Leather Belt - Premium Quality,Clothing
Women's Winter Coat - Bulk Pack,Clothing
Leather Belt - Bulk Pack,Clothing
Leather Belt (Organic),Clothing
Cotton T-Shirt - 2024 Model,Clothing
Men's Running Shoes - Premium Quality,Clothing
Silk Scarf (Organic),Clothing
Athletic Socks (Organic),Clothing
Denim Jacket - Bulk Pack,Clothing
Women's Winter Coat - Premium Quality,Clothing
Cotton T-Shirt - Premium Quality,Clothing
Leather Belt - Bulk Pack,Clothing
Silk Scarf - 2024 Model,Clothing
Leather Belt - Bulk Pack,Clothing
Men's Running Shoes - Bulk Pack,Clothing
Men's Running Shoes - Bulk Pack,Clothing
Silk Scarf (Organic),Clothing
Snapback Cap - Bulk Pack,Clothing
Silk Scarf,Clothing
Women's Winter Coat - Bulk Pack,Clothing
Athletic Socks - Bulk Pack,Clothing
Leather Belt - Premium Quality,Clothing
Silk Scarf,Clothing
Denim Jacket (Organic),Clothing
Snapback Cap - 2024 Model,Clothing
Women's Winter Coat - 2024 Model,Clothing
Silk Scarf - 2024 Model,Clothing
Athletic Socks (Organic),Clothing
Snapback Cap - Bulk Pack,Clothing
Denim Jacket (Organic),Clothing
Athletic Socks (Organic),Clothing
Men's Running Shoes (Limited Edition),Clothing
Women's Winter Coat - 2024 Model,Clothing
Women's Winter Coat - Bulk Pack,Clothing
Snapback Cap - Bulk Pack,Clothing
Athletic Socks - 2024 Model,Clothing
Men's Running Shoes - Premium Quality,Clothing
Women's Winter Coat - Bulk Pack,Clothing
Cotton T-Shirt - Premium Quality,Clothing
Leather Belt (Limited Edition),Clothing
Silk Scarf - 2024 Model,Clothing
Men's Running Shoes - 2024 Model,Clothing
Men's Running Shoes (Limited Edition),Clothing
Denim Jacket - Bulk Pack,Clothing
Men's Running Shoes,Clothing
Athletic Socks - Premium Quality,Clothing
Cotton T-Shirt - Bulk Pack,Clothing
Denim Jacket - Premium Quality,Clothing
Leather Belt,Clothing
Snapback Cap (Limited Edition),Clothing
Leather Belt - 2024 Model,Clothing
Silk Scarf - 2024 Model,Clothing
Snapback Cap,Clothing
Men's Running Shoes,Clothing
Silk Scarf (Organic),Clothing
Silk Scarf - Premium Quality,Clothing
Men's Running Shoes (Organic),Clothing
Denim Jacket (Organic),Clothing
Athletic Socks - Premium Quality,Clothing
Athletic Socks (Limited Edition),Clothing
Leather Belt - Premium Quality,Clothing
Silk Scarf (Limited Edition),Clothing
Denim Jacket (Limited Edition),Clothing
Women's Winter Coat - Premium Quality,Clothing
Women's Winter Coat,Clothing
Snapback Cap - Bulk Pack,Clothing
Men's Running Shoes - 2024 Model,Clothing
Men's Running Shoes (Organic),Clothing
Cotton T-Shirt - Bulk Pack,Clothing
Snapback Cap (Limited Edition),Clothing
Denim Jacket - 2024 Model,Clothing
Women's Winter Coat,Clothing
Silk Scarf,Clothing
Cotton T-Shirt - Bulk Pack,Clothing
Athletic Socks,Clothing
Denim Jacket (Limited Edition),Clothing
Leather Belt,Clothing
Women's Winter Coat (Organic),Clothing
Athletic Socks (Limited Edition),Clothing
Leather Belt,Clothing
Men's Running Shoes (Organic),Clothing
Athletic Socks - 2024 Model,Clothing
Cotton T-Shirt - Premium Quality,Clothing
Cotton T-Shirt - Bulk Pack,Clothing
Snapback Cap - Premium Quality,Clothing
Athletic Socks (Organic),Clothing
Athletic Socks (Organic),Clothing
Snapback Cap (Limited Edition),Clothing
Women's Winter Coat (Organic),Clothing
Leather Belt (Limited Edition),Clothing
Athletic Socks - Bulk Pack,Clothing
Cotton T-Shirt,Clothing
Denim Jacket (Limited Edition),Clothing
Denim Jacket (Limited Edition),Clothing
Athletic Socks - 2024 Model,Clothing
Men's Running Shoes (Limited Edition),Clothing
Women's Winter Coat - Premium Quality,Clothing
Denim Jacket,Clothing
Athletic Socks - 2024 Model,Clothing
Cotton T-Shirt,Clothing
Women's Winter Coat (Organic),Clothing
Silk Scarf (Limited Edition),Clothing
Women's Winter Coat,Clothing
Cotton T-Shirt (Limited Edition),Clothing
Men's Running Shoes - Bulk Pack,Clothing
Silk Scarf - Premium Quality,Clothing
Cotton T-Shirt - 2024 Model,Clothing
Cotton T-Shirt - Bulk Pack,Clothing
Leather Belt - Bulk Pack,Clothing
Silk Scarf (Organic),Clothing
Silk Scarf (Limited Edition),Clothing
Silk Scarf (Limited Edition),Clothing
Cotton T-Shirt,Clothing
Leather Belt - 2024 Model,Clothing
Leather Belt - Premium Quality,Clothing
Women's Winter Coat - Premium Quality,Clothing
Men's Running Shoes - 2024 Model,Clothing
Athletic Socks - Bulk Pack,Clothing
Women's Winter Coat,Clothing
Snapback Cap (Limited Edition),Clothing
Online Coding Course (Organic),Digital
AI Writing Tool - 2024 Model,Digital
Video Editing Software,Digital
E-book Subscription - Premium Quality,Digital
AI Writing Tool (Limited Edition),Digital
VPN Service - Bulk Pack,Digital
Music Streaming Plan,Digital
VPN Service - 2024 Model,Digital
Cloud Backup Storage - 2024 Model,Digital
E-book Subscription - 2024 Model,Digital
AI Writing Tool (Organic),Digital
Video Editing Software - Bulk Pack,Digital
Online Coding Course,Digital
E-book Subscription (Organic),Digital
AI Writing Tool (Limited Edition),Digital
E-book Subscription,Digital
VPN Service - Bulk Pack,Digital
Stock Photo Package - Premium Quality,Digital
Online Coding Course - Bulk Pack,Digital
E-book Subscription (Organic),Digital
AI Writing Tool - Bulk Pack,Digital
E-book Subscription (Limited Edition),Digital
Online Coding Course,Digital
E-book Subscription,Digital
Music Streaming Plan - Premium Quality,Digital
Video Editing Software,Digital
Online Coding Course (Limited Edition),Digital
Music Streaming Plan - Bulk Pack,Digital
E-book Subscription - Bulk Pack,Digital
AI Writing Tool,Digital
VPN Service (Limited Edition),Digital
Cloud Backup Storage - 2024 Model,Digital
Music Streaming Plan - Bulk Pack,Digital
Music Streaming Plan (Limited Edition),Digital
Cloud Backup Storage (Organic),Digital
AI Writing Tool - Premium Quality,Digital
Cloud Backup Storage - Bulk Pack,Digital
AI Writing Tool - Premium Quality,Digital
Music Streaming Plan,Digital
Online Coding Course,Digital
VPN Service (Limited Edition),Digital
Stock Photo Package,Digital
E-book Subscription - Bulk Pack,Digital
Online Coding Course - Premium Quality,Digital
Video Editing Software - Bulk Pack,Digital
Video Editing Software (Limited Edition),Digital
Cloud Backup Storage (Organic),Digital
AI Writing Tool - Premium Quality,Digital
Online Coding Course (Limited Edition),Digital
Video Editing Software - Bulk Pack,Digital
AI Writing Tool (Limited Edition),Digital
E-book Subscription - Bulk Pack,Digital
Cloud Backup Storage - Premium Quality,Digital
Music Streaming Plan - 2024 Model,Digital
AI Writing Tool (Organic),Digital
Music Streaming Plan - 2024 Model,Digital
Video Editing Software - Bulk Pack,Digital
E-book Subscription - Bulk Pack,Digital
AI Writing Tool (Organic),Digital
AI Writing Tool,Digital
Music Streaming Plan (Limited Edition),Digital
E-book Subscription - 2024 Model,Digital
Video Editing Software (Organic),Digital
Video Editing Software - Premium Quality,Digital
Online Coding Course,Digital
VPN Service - Bulk Pack,Digital
Music Streaming Plan (Limited Edition),Digital
Cloud Backup Storage - Premium Quality,Digital
Stock Photo Package (Limited Edition),Digital
E-book Subscription - Premium Quality,Digital
VPN Service (Organic),Digital
Stock Photo Package (Organic),Digital
E-book Subscription,Digital
Stock Photo Package - Bulk Pack,Digital
Video Editing Software (Organic),Digital
Cloud Backup Storage (Organic),Digital
E-book Subscription - Bulk Pack,Digital
Video Editing Software - Premium Quality,Digital
E-book Subscription,Digital
Stock Photo Package - Bulk Pack,Digital
AI Writing Tool - Bulk Pack,Digital
Online Coding Course - Premium Quality,Digital
Video Editing Software (Organic),Digital
Stock Photo Package - Bulk Pack,Digital
Cloud Backup Storage (Organic),Digital
E-book Subscription - Bulk Pack,Digital
Music Streaming Plan (Limited Edition),Digital
E-book Subscription - Bulk Pack,Digital
Cloud Backup Storage - 2024 Model,Digital
Cloud Backup Storage,Digital
VPN Service,Digital
AI Writing Tool (Organic),Digital
Cloud Backup Storage - 2024 Model,Digital
Online Coding Course - Bulk Pack,Digital
AI Writing Tool - Premium Quality,Digital
Stock Photo Package,Digital
Video Editing Software - Bulk Pack,Digital
Cloud Backup Storage (Organic),Digital
Video Editing Software - Premium Quality,Digital
VPN Service (Limited Edition),Digital
Music Streaming Plan - Premium Quality,Digital
AI Writing Tool - Bulk Pack,Digital
Cloud Backup Storage (Limited Edition),Digital
Stock Photo Package (Organic),Digital
VPN Service - Bulk Pack,Digital
Online Coding Course (Organic),Digital
E-book Subscription,Digital
AI Writing Tool (Organic),Digital
VPN Service - Premium Quality,Digital
Stock Photo Package,Digital
VPN Service - Bulk Pack,Digital
Music Streaming Plan - Premium Quality,Digital
Cloud Backup Storage - Bulk Pack,Digital
Cloud Backup Storage - 2024 Model,Digital
Stock Photo Package - Premium Quality,Digital
AI Writing Tool,Digital
AI Writing Tool,Digital
Cloud Backup Storage (Limited Edition),Digital
Video Editing Software (Limited Edition),Digital
Music Streaming Plan (Organic),Digital
Cloud Backup Storage - Premium Quality,Digital
Stock Photo Package - 2024 Model,Digital
E-book Subscription - 2024 Model,Digital
VPN Service,Digital
Online Coding Course - 2024 Model,Digital
Online Coding Course - 2024 Model,Digital
Online Coding Course - Premium Quality,Digital
E-book Subscription - 2024 Model,Digital
Music Streaming Plan - 2024 Model,Digital
Video Editing Software - Premium Quality,Digital
Stock Photo Package,Digital
E-book Subscription - 2024 Model,Digital
Video Editing Software (Limited Edition),Digital
Music Streaming Plan - 2024 Model,Digital
Online Coding Course - 2024 Model,Digital
E-book Subscription (Limited Edition),Digital
E-book Subscription (Limited Edition),Digital
Online Coding Course (Organic),Digital
Online Coding Course - Premium Quality,Digital
VPN Service - Premium Quality,Digital
Video Editing Software,Digital
AI Writing Tool - Premium Quality,Digital
E-book Subscription - Bulk Pack,Digital
Cloud Backup Storage (Limited Edition),Digital
AI Writing Tool - Bulk Pack,Digital
Stock Photo Package - 2024 Model,Digital
Stock Photo Package - 2024 Model,Digital
Cloud Backup Storage (Limited Edition),Digital
Stock Photo Package (Organic),Digital
Video Editing Software (Limited Edition),Digital
CNC Machine Parts (Organic),Manufacturing
Precision Bearings,Manufacturing
Industrial Adhesive (Limited Edition),Manufacturing
Steel Pipes - Bulk Pack,Manufacturing
Safety Helmets - Premium Quality,Manufacturing
Precision Bearings - Premium Quality,Manufacturing
Hydraulic Pump,Manufacturing
CNC Machine Parts (Organic),Manufacturing
Industrial Adhesive - Premium Quality,Manufacturing
CNC Machine Parts - Bulk Pack,Manufacturing
Construction Bolts - Bulk Pack,Manufacturing
CNC Machine Parts - Bulk Pack,Manufacturing
CNC Machine Parts - 2024 Model,Manufacturing
Heavy Duty Chains - 2024 Model,Manufacturing
Steel Pipes - Premium Quality,Manufacturing
Hydraulic Pump - 2024 Model,Manufacturing
Safety Helmets - 2024 Model,Manufacturing
Industrial Adhesive (Limited Edition),Manufacturing
CNC Machine Parts (Organic),Manufacturing
Precision Bearings - Bulk Pack,Manufacturing
Industrial Adhesive,Manufacturing
Safety Helmets - Premium Quality,Manufacturing
Hydraulic Pump (Organic),Manufacturing
Precision Bearings - 2024 Model,Manufacturing
Hydraulic Pump - 2024 Model,Manufacturing
Hydraulic Pump,Manufacturing
Heavy Duty Chains,Manufacturing
Safety Helmets,Manufacturing
Steel Pipes,Manufacturing
CNC Machine Parts (Limited Edition),Manufacturing
Construction Bolts (Limited Edition),Manufacturing
Hydraulic Pump - 2024 Model,Manufacturing
CNC Machine Parts (Limited Edition),Manufacturing
Construction Bolts - Premium Quality,Manufacturing
Steel Pipes - 2024 Model,Manufacturing
CNC Machine Parts (Limited Edition),Manufacturing
Construction Bolts - Bulk Pack,Manufacturing
Heavy Duty Chains,Manufacturing
Safety Helmets - Premium Quality,Manufacturing
CNC Machine Parts (Organic),Manufacturing
Precision Bearings,Manufacturing
Heavy Duty Chains,Manufacturing
Steel Pipes,Manufacturing
Precision Bearings - 2024 Model,Manufacturing
Steel Pipes (Limited Edition),Manufacturing
Industrial Adhesive - Bulk Pack,Manufacturing
Heavy Duty Chains (Limited Edition),Manufacturing
Steel Pipes,Manufacturing
Precision Bearings,Manufacturing
CNC Machine Parts,Manufacturing
CNC Machine Parts - Bulk Pack,Manufacturing
Steel Pipes - 2024 Model,Manufacturing
Hydraulic Pump (Organic),Manufacturing
Precision Bearings (Organic),Manufacturing
Construction Bolts - Bulk Pack,Manufacturing
Construction Bolts - Premium Quality,Manufacturing
Industrial Adhesive - Premium Quality,Manufacturing
Steel Pipes (Organic),Manufacturing
Construction Bolts (Limited Edition),Manufacturing
Steel Pipes - Bulk Pack,Manufacturing
Hydraulic Pump,Manufacturing
Precision Bearings - Premium Quality,Manufacturing
Hydraulic Pump - Bulk Pack,Manufacturing
Hydraulic Pump (Organic),Manufacturing
Hydraulic Pump,Manufacturing
Heavy Duty Chains (Organic),Manufacturing
Industrial Adhesive - Bulk Pack,Manufacturing
Steel Pipes (Limited Edition),Manufacturing
Steel Pipes (Organic),Manufacturing
Industrial Adhesive - 2024 Model,Manufacturing
Steel Pipes (Limited Edition),Manufacturing
Construction Bolts - Bulk Pack,Manufacturing
CNC Machine Parts - Bulk Pack,Manufacturing
Safety Helmets (Limited Edition),Manufacturing
Hydraulic Pump (Limited Edition),Manufacturing
Industrial Adhesive - Premium Quality,Manufacturing
Hydraulic Pump (Organic),Manufacturing
Safety Helmets (Organic),Manufacturing
Construction Bolts - 2024 Model,Manufacturing
CNC Machine Parts - 2024 Model,Manufacturing
Precision Bearings - Premium Quality,Manufacturing
Industrial Adhesive (Organic),Manufacturing
Construction Bolts (Limited Edition),Manufacturing
Precision Bearings (Limited Edition),Manufacturing
Safety Helmets - Bulk Pack,Manufacturing
Precision Bearings (Organic),Manufacturing
Heavy Duty Chains (Organic),Manufacturing
Hydraulic Pump (Limited Edition),Manufacturing
CNC Machine Parts (Limited Edition),Manufacturing
Safety Helmets - 2024 Model,Manufacturing
Safety Helmets (Organic),Manufacturing
Hydraulic Pump (Limited Edition),Manufacturing
Steel Pipes - Bulk Pack,Manufacturing
Precision Bearings,Manufacturing
Industrial Adhesive (Organic),Manufacturing
Precision Bearings - 2024 Model,Manufacturing
Safety Helmets (Limited Edition),Manufacturing
Precision Bearings (Limited Edition),Manufacturing
Heavy Duty Chains - 2024 Model,Manufacturing
Steel Pipes,Manufacturing
Hydraulic Pump - Premium Quality,Manufacturing
Industrial Adhesive,Manufacturing
CNC Machine Parts - 2024 Model,Manufacturing
Heavy Duty Chains - Premium Quality,Manufacturing
Precision Bearings (Organic),Manufacturing
Heavy Duty Chains (Limited Edition),Manufacturing
CNC Machine Parts (Organic),Manufacturing
Heavy Duty Chains (Limited Edition),Manufacturing
Heavy Duty Chains,Manufacturing
CNC Machine Parts (Limited Edition),Manufacturing
Safety Helmets (Organic),Manufacturing
CNC Machine Parts - Bulk Pack,Manufacturing
Precision Bearings,Manufacturing
Heavy Duty Chains (Limited Edition),Manufacturing
Heavy Duty Chains - 2024 Model,Manufacturing
CNC Machine Parts,Manufacturing
Precision Bearings (Limited Edition),Manufacturing
Hydraulic Pump - 2024 Model,Manufacturing
CNC Machine Parts - Premium Quality,Manufacturing
Hydraulic Pump,Manufacturing
Construction Bolts - Premium Quality,Manufacturing
Precision Bearings - Premium Quality,Manufacturing
Precision Bearings - Bulk Pack,Manufacturing
Precision Bearings - 2024 Model,Manufacturing
Heavy Duty Chains,Manufacturing
Industrial Adhesive (Limited Edition),Manufacturing
Industrial Adhesive (Limited Edition),Manufacturing
CNC Machine Parts - Bulk Pack,Manufacturing
Safety Helmets - Bulk Pack,Manufacturing
Hydraulic Pump - Premium Quality,Manufacturing
Safety Helmets (Organic),Manufacturing
CNC Machine Parts (Organic),Manufacturing
Precision Bearings - 2024 Model,Manufacturing
Steel Pipes,Manufacturing
Construction Bolts,Manufacturing
Construction Bolts (Limited Edition),Manufacturing
Construction Bolts (Organic),Manufacturing
Construction Bolts,Manufacturing
Hydraulic Pump,Manufacturing
Precision Bearings - Premium Quality,Manufacturing
Heavy Duty Chains - 2024 Model,Manufacturing
Construction Bolts,Manufacturing
CNC Machine Parts - 2024 Model,Manufacturing
Construction Bolts (Organic),Manufacturing
Industrial Adhesive,Manufacturing
Precision Bearings,Manufacturing
Precision Bearings (Limited Edition),Manufacturing
Construction Bolts (Organic),Manufacturing
CNC Machine Parts (Organic),Manufacturing
Precision Bearings (Limited Edition),Manufacturing
Red Wine Bottle,Alcohol
Red Wine Bottle - 2024 Model,Alcohol
Champagne Extra Brut - Premium Quality,Alcohol
Tequila Gold (Organic),Alcohol
Whiskey Aged 12 Years (Organic),Alcohol
Red Wine Bottle,Alcohol
Sake Traditional - Premium Quality,Alcohol
Rum Dark Reserve - Premium Quality,Alcohol
Champagne Extra Brut - Bulk Pack,Alcohol
Tequila Gold,Alcohol
Craft IPA Beer (Limited Edition),Alcohol
Craft IPA Beer - Premium Quality,Alcohol
Rum Dark Reserve (Limited Edition),Alcohol
Vodka 1L - Premium Quality,Alcohol
Whiskey Aged 12 Years - Premium Quality,Alcohol
Red Wine Bottle (Limited Edition),Alcohol
Red Wine Bottle,Alcohol
Tequila Gold - 2024 Model,Alcohol
Red Wine Bottle - 2024 Model,Alcohol
Champagne Extra Brut - 2024 Model,Alcohol
Vodka 1L - Bulk Pack,Alcohol
Red Wine Bottle (Organic),Alcohol
Tequila Gold,Alcohol
Champagne Extra Brut (Limited Edition),Alcohol
Tequila Gold (Organic),Alcohol
Vodka 1L (Limited Edition),Alcohol
Whiskey Aged 12 Years - 2024 Model,Alcohol
Rum Dark Reserve,Alcohol
Tequila Gold (Limited Edition),Alcohol
Champagne Extra Brut (Limited Edition),Alcohol
Champagne Extra Brut (Limited Edition),Alcohol
Vodka 1L (Organic),Alcohol
Vodka 1L - Premium Quality,Alcohol
Tequila Gold (Limited Edition),Alcohol
Tequila Gold - Premium Quality,Alcohol
Red Wine Bottle,Alcohol
Red Wine Bottle - Bulk Pack,Alcohol
Tequila Gold (Limited Edition),Alcohol
Red Wine Bottle (Organic),Alcohol
Rum Dark Reserve - 2024 Model,Alcohol
Tequila Gold - 2024 Model,Alcohol
Champagne Extra Brut - Premium Quality,Alcohol
Whiskey Aged 12 Years (Organic),Alcohol
Red Wine Bottle (Limited Edition),Alcohol
Whiskey Aged 12 Years (Organic),Alcohol
Craft IPA Beer - 2024 Model,Alcohol
Vodka 1L (Organic),Alcohol
Rum Dark Reserve - Bulk Pack,Alcohol
Tequila Gold (Organic),Alcohol
Red Wine Bottle - Bulk Pack,Alcohol
Vodka 1L,Alcohol
Craft IPA Beer,Alcohol
Champagne Extra Brut,Alcohol
Craft IPA Beer - 2024 Model,Alcohol
Champagne Extra Brut,Alcohol
Red Wine Bottle - Premium Quality,Alcohol
Sake Traditional - Bulk Pack,Alcohol
Vodka 1L - Premium Quality,Alcohol
Tequila Gold - Bulk Pack,Alcohol
Rum Dark Reserve - Bulk Pack,Alcohol
Craft IPA Beer (Limited Edition),Alcohol
Red Wine Bottle - 2024 Model,Alcohol
Vodka 1L - 2024 Model,Alcohol
Red Wine Bottle,Alcohol
Craft IPA Beer - Bulk Pack,Alcohol
Tequila Gold (Organic),Alcohol
Sake Traditional (Organic),Alcohol
Craft IPA Beer (Organic),Alcohol
Sake Traditional (Organic),Alcohol
Vodka 1L - 2024 Model,Alcohol
Whiskey Aged 12 Years - 2024 Model,Alcohol
Whiskey Aged 12 Years (Organic),Alcohol
Tequila Gold (Organic),Alcohol
Sake Traditional,Alcohol
Whiskey Aged 12 Years,Alcohol
Whiskey Aged 12 Years (Limited Edition),Alcohol
Tequila Gold (Limited Edition),Alcohol
Craft IPA Beer,Alcohol
Champagne Extra Brut - Premium Quality,Alcohol
Vodka 1L - Premium Quality,Alcohol
Whiskey Aged 12 Years (Organic),Alcohol
Red Wine Bottle - Bulk Pack,Alcohol
Craft IPA Beer,Alcohol
Red Wine Bottle - Premium Quality,Alcohol
Craft IPA Beer,Alcohol
Whiskey Aged 12 Years (Organic),Alcohol
Vodka 1L - 2024 Model,Alcohol
Red Wine Bottle (Organic),Alcohol
Red Wine Bottle (Limited Edition),Alcohol
Craft IPA Beer - 2024 Model,Alcohol
Whiskey Aged 12 Years (Organic),Alcohol
Vodka 1L (Organic),Alcohol
Sake Traditional - Bulk Pack,Alcohol
Craft IPA Beer,Alcohol
Sake Traditional (Organic),Alcohol
Sake Traditional - Premium Quality,Alcohol
Craft IPA Beer - Premium Quality,Alcohol
Craft IPA Beer (Limited Edition),Alcohol
Whiskey Aged 12 Years (Limited Edition),Alcohol
Champagne Extra Brut (Limited Edition),Alcohol
Tequila Gold - Premium Quality,Alcohol
Vodka 1L (Organic),Alcohol
Tequila Gold,Alcohol
Vodka 1L (Limited Edition),Alcohol
Red Wine Bottle (Limited Edition),Alcohol
Rum Dark Reserve (Limited Edition),Alcohol
Red Wine Bottle,Alcohol
Champagne Extra Brut - Bulk Pack,Alcohol
Rum Dark Reserve - Bulk Pack,Alcohol
Sake Traditional - Premium Quality,Alcohol
Champagne Extra Brut - Premium Quality,Alcohol
Sake Traditional (Limited Edition),Alcohol
Sake Traditional - 2024 Model,Alcohol
Rum Dark Reserve - Bulk Pack,Alcohol
Craft IPA Beer - 2024 Model,Alcohol
Whiskey Aged 12 Years (Limited Edition),Alcohol
Sake Traditional - 2024 Model,Alcohol
Tequila Gold (Organic),Alcohol
Red Wine Bottle,Alcohol
Sake Traditional - Premium Quality,Alcohol
Rum Dark Reserve - Premium Quality,Alcohol
Vodka 1L (Organic),Alcohol
Craft IPA Beer (Limited Edition),Alcohol
Rum Dark Reserve - Bulk Pack,Alcohol
Sake Traditional (Organic),Alcohol
Vodka 1L - 2024 Model,Alcohol
Champagne Extra Brut (Organic),Alcohol
Red Wine Bottle,Alcohol
Rum Dark Reserve,Alcohol
Whiskey Aged 12 Years - Bulk Pack,Alcohol
Vodka 1L - 2024 Model,Alcohol
Champagne Extra Brut (Limited Edition),Alcohol
Tequila Gold - 2024 Model,Alcohol
Whiskey Aged 12 Years (Organic),Alcohol
Champagne Extra Brut (Limited Edition),Alcohol
Rum Dark Reserve - Premium Quality,Alcohol
Champagne Extra Brut,Alcohol
Red Wine Bottle - Bulk Pack,Alcohol
Whiskey Aged 12 Years,Alcohol
Vodka 1L - Premium Quality,Alcohol
Champagne Extra Brut - 2024 Model,Alcohol
Whiskey Aged 12 Years (Limited Edition),Alcohol
Craft IPA Beer - Bulk Pack,Alcohol
Tequila Gold (Limited Edition),Alcohol
Vodka 1L,Alcohol
Sake Traditional (Limited Edition),Alcohol
Red Wine Bottle,Alcohol
Sake Traditional - Bulk Pack,Alcohol
Vodka 1L - Bulk Pack,Alcohol
Rum Dark Reserve,Alcohol
All-Season Tires,Automobile
Car Battery,Automobile
Windshield Wipers - 2024 Model,Automobile
Dashboard Camera - Premium Quality,Automobile
Car Battery (Organic),Automobile
Windshield Wipers - Bulk Pack,Automobile
Car Battery - Premium Quality,Automobile
LED Headlights (Organic),Automobile
Dashboard Camera - Premium Quality,Automobile
Car Battery - 2024 Model,Automobile
Windshield Wipers - 2024 Model,Automobile
Windshield Wipers - 2024 Model,Automobile
All-Season Tires,Automobile
All-Season Tires (Limited Edition),Automobile
Windshield Wipers - 2024 Model,Automobile
Motor Oil 5W-30 - Bulk Pack,Automobile
Brake Pads Set - 2024 Model,Automobile
LED Headlights (Limited Edition),Automobile
Motor Oil 5W-30 (Organic),Automobile
Windshield Wipers - Premium Quality,Automobile
Car Battery (Organic),Automobile
Dashboard Camera (Limited Edition),Automobile
Windshield Wipers - Premium Quality,Automobile
All-Season Tires,Automobile
Leather Car Seat Covers (Limited Edition),Automobile
Windshield Wipers - Premium Quality,Automobile
Car Battery (Limited Edition),Automobile
Brake Pads Set - Premium Quality,Automobile
Dashboard Camera,Automobile
LED Headlights,Automobile
All-Season Tires (Organic),Automobile
Windshield Wipers - 2024 Model,Automobile
Motor Oil 5W-30 - Bulk Pack,Automobile
Brake Pads Set (Limited Edition),Automobile
Dashboard Camera (Limited Edition),Automobile
Windshield Wipers,Automobile
LED Headlights - 2024 Model,Automobile
Motor Oil 5W-30 - Bulk Pack,Automobile
Car Battery - Premium Quality,Automobile
Dashboard Camera (Organic),Automobile
Leather Car Seat Covers (Limited Edition),Automobile
Windshield Wipers (Organic),Automobile
Leather Car Seat Covers - Premium Quality,Automobile
Motor Oil 5W-30,Automobile
Motor Oil 5W-30,Automobile
All-Season Tires (Limited Edition),Automobile
Brake Pads Set,Automobile
Dashboard Camera - Bulk Pack,Automobile
Brake Pads Set - Premium Quality,Automobile
Brake Pads Set - Premium Quality,Automobile
Car Battery - Bulk Pack,Automobile
LED Headlights - Premium Quality,Automobile
Motor Oil 5W-30 (Limited Edition),Automobile
Dashboard Camera - Premium Quality,Automobile
Car Battery - Premium Quality,Automobile
Windshield Wipers - 2024 Model,Automobile
Motor Oil 5W-30 - Bulk Pack,Automobile
All-Season Tires - Premium Quality,Automobile
Car Battery (Limited Edition),Automobile
Windshield Wipers,Automobile
Windshield Wipers (Organic),Automobile
LED Headlights - 2024 Model,Automobile
Car Battery - Bulk Pack,Automobile
Dashboard Camera - 2024 Model,Automobile
Car Battery (Organic),Automobile
Motor Oil 5W-30 (Organic),Automobile
Motor Oil 5W-30 (Organic),Automobile
Windshield Wipers,Automobile
LED Headlights (Limited Edition),Automobile
Dashboard Camera - 2024 Model,Automobile
All-Season Tires - Bulk Pack,Automobile
Car Battery - 2024 Model,Automobile
Motor Oil 5W-30 (Organic),Automobile
Leather Car Seat Covers (Limited Edition),Automobile
Leather Car Seat Covers (Limited Edition),Automobile
All-Season Tires - Bulk Pack,Automobile
Dashboard Camera,Automobile
Leather Car Seat Covers (Organic),Automobile
Leather Car Seat Covers,Automobile
Dashboard Camera (Limited Edition),Automobile
Car Battery (Organic),Automobile
All-Season Tires - Premium Quality,Automobile
All-Season Tires (Limited Edition),Automobile
Car Battery (Organic),Automobile
Windshield Wipers - Bulk Pack,Automobile
Car Battery - Premium Quality,Automobile
Windshield Wipers (Organic),Automobile
Leather Car Seat Covers - 2024 Model,Automobile
Dashboard Camera - 2024 Model,Automobile
Motor Oil 5W-30 - 2024 Model,Automobile
All-Season Tires (Organic),Automobile
Dashboard Camera - Bulk Pack,Automobile
LED Headlights,Automobile
Motor Oil 5W-30 (Limited Edition),Automobile
All-Season Tires (Organic),Automobile
LED Headlights - Premium Quality,Automobile
Dashboard Camera,Automobile
Windshield Wipers (Organic),Automobile
Windshield Wipers,Automobile
Car Battery - 2024 Model,Automobile
Leather Car Seat Covers - Bulk Pack,Automobile
Windshield Wipers,Automobile
Motor Oil 5W-30 (Organic),Automobile
Car Battery - 2024 Model,Automobile
Dashboard Camera,Automobile
Car Battery (Organic),Automobile
Brake Pads Set - 2024 Model,Automobile
Windshield Wipers - 2024 Model,Automobile
LED Headlights (Organic),Automobile
Motor Oil 5W-30 (Limited Edition),Automobile
All-Season Tires (Limited Edition),Automobile
Car Battery (Limited Edition),Automobile
All-Season Tires,Automobile
Leather Car Seat Covers (Limited Edition),Automobile
Motor Oil 5W-30 (Limited Edition),Automobile
Motor Oil 5W-30 - 2024 Model,Automobile
Motor Oil 5W-30 (Limited Edition),Automobile
LED Headlights - Premium Quality,Automobile
Leather Car Seat Covers (Limited Edition),Automobile
All-Season Tires (Organic),Automobile
LED Headlights,Automobile
Car Battery (Limited Edition),Automobile
LED Headlights (Limited Edition),Automobile
Dashboard Camera - 2024 Model,Automobile
All-Season Tires - 2024 Model,Automobile
Dashboard Camera - Bulk Pack,Automobile
Windshield Wipers - Premium Quality,Automobile
Leather Car Seat Covers - Bulk Pack,Automobile
LED Headlights (Organic),Automobile
Motor Oil 5W-30 (Limited Edition),Automobile
LED Headlights (Organic),Automobile
All-Season Tires - Premium Quality,Automobile
Dashboard Camera - Premium Quality,Automobile
Dashboard Camera - Premium Quality,Automobile
Dashboard Camera (Organic),Automobile
Motor Oil 5W-30 - Bulk Pack,Automobile
Car Battery (Limited Edition),Automobile
LED Headlights,Automobile
Dashboard Camera (Organic),Automobile
Dashboard Camera (Organic),Automobile
Brake Pads Set - Premium Quality,Automobile
Brake Pads Set - Premium Quality,Automobile
Motor Oil 5W-30 - Bulk Pack,Automobile
All-Season Tires - 2024 Model,Automobile
Motor Oil 5W-30 (Limited Edition),Automobile
LED Headlights (Limited Edition),Automobile
All-Season Tires - Bulk Pack,Automobile
Dashboard Camera - 2024 Model,Automobile
Motor Oil 5W-30 - Bulk Pack,Automobile
Car Battery - Bulk Pack,Automobile
Insulin Pen - Bulk Pack,Prescription
Insulin Pen - Premium Quality,Prescription
Levothyroxine 50mcg - 2024 Model,Prescription
Amoxicillin 500mg (Organic),Prescription
Levothyroxine 50mcg (Organic),Prescription
Insulin Pen - Bulk Pack,Prescription
Atorvastatin 20mg - Bulk Pack,Prescription
Atorvastatin 20mg - Premium Quality,Prescription
Levothyroxine 50mcg - Bulk Pack,Prescription
Lisinopril 10mg - Bulk Pack,Prescription
Albuterol Inhaler - Premium Quality,Prescription
Albuterol Inhaler (Limited Edition),Prescription
Amoxicillin 500mg (Limited Edition),Prescription
Atorvastatin 20mg - Bulk Pack,Prescription
Levothyroxine 50mcg - Bulk Pack,Prescription
Levothyroxine 50mcg (Limited Edition),Prescription
Insulin Pen (Organic),Prescription
Metformin XR 1000mg - Premium Quality,Prescription
Atorvastatin 20mg,Prescription
Levothyroxine 50mcg - 2024 Model,Prescription
Omeprazole 40mg,Prescription
Omeprazole 40mg - Bulk Pack,Prescription
Atorvastatin 20mg (Organic),Prescription
Albuterol Inhaler - 2024 Model,Prescription
Omeprazole 40mg (Organic),Prescription
Omeprazole 40mg (Organic),Prescription
Lisinopril 10mg - 2024 Model,Prescription
Atorvastatin 20mg - Bulk Pack,Prescription
Lisinopril 10mg (Organic),Prescription
Amoxicillin 500mg - Bulk Pack,Prescription
Omeprazole 40mg,Prescription
Atorvastatin 20mg,Prescription
Albuterol Inhaler - 2024 Model,Prescription
Atorvastatin 20mg - Premium Quality,Prescription
Amoxicillin 500mg (Limited Edition),Prescription
Atorvastatin 20mg - Bulk Pack,Prescription
Atorvastatin 20mg (Organic),Prescription
Metformin XR 1000mg,Prescription
Atorvastatin 20mg,Prescription
Omeprazole 40mg (Limited Edition),Prescription
Levothyroxine 50mcg - Premium Quality,Prescription
Atorvastatin 20mg (Limited Edition),Prescription
Atorvastatin 20mg (Limited Edition),Prescription
Lisinopril 10mg - Premium Quality,Prescription
Omeprazole 40mg (Organic),Prescription
Atorvastatin 20mg,Prescription
Albuterol Inhaler - 2024 Model,Prescription
Insulin Pen,Prescription
Amoxicillin 500mg - Bulk Pack,Prescription
Insulin Pen - Premium Quality,Prescription
Omeprazole 40mg - Bulk Pack,Prescription
Metformin XR 1000mg (Organic),Prescription
Omeprazole 40mg (Limited Edition),Prescription
Levothyroxine 50mcg,Prescription
Metformin XR 1000mg,Prescription
Albuterol Inhaler,Prescription
Atorvastatin 20mg - 2024 Model,Prescription
Insulin Pen,Prescription
Metformin XR 1000mg - 2024 Model,Prescription
Levothyroxine 50mcg - Premium Quality,Prescription
Omeprazole 40mg - Premium Quality,Prescription
Insulin Pen,Prescription
Omeprazole 40mg (Limited Edition),Prescription
Omeprazole 40mg (Organic),Prescription
Metformin XR 1000mg - 2024 Model,Prescription
Amoxicillin 500mg,Prescription
Omeprazole 40mg (Organic),Prescription
Amoxicillin 500mg (Organic),Prescription
Levothyroxine 50mcg (Limited Edition),Prescription
Albuterol Inhaler - Bulk Pack,Prescription
Levothyroxine 50mcg,Prescription
Omeprazole 40mg,Prescription
Amoxicillin 500mg - Bulk Pack,Prescription
Atorvastatin 20mg (Organic),Prescription
Albuterol Inhaler (Limited Edition),Prescription
Omeprazole 40mg,Prescription
Albuterol Inhaler,Prescription
Metformin XR 1000mg (Limited Edition),Prescription
Amoxicillin 500mg - Bulk Pack,Prescription
Albuterol Inhaler,Prescription
Insulin Pen,Prescription
Omeprazole 40mg - Premium Quality,Prescription
Albuterol Inhaler (Limited Edition),Prescription
Metformin XR 1000mg (Organic),Prescription
Levothyroxine 50mcg - Bulk Pack,Prescription
Albuterol Inhaler (Limited Edition),Prescription
Levothyroxine 50mcg (Organic),Prescription
Metformin XR 1000mg,Prescription
Amoxicillin 500mg (Limited Edition),Prescription
Metformin XR 1000mg,Prescription
Albuterol Inhaler (Organic),Prescription
Albuterol Inhaler - Premium Quality,Prescription
Metformin XR 1000mg (Limited Edition),Prescription
Insulin Pen (Limited Edition),Prescription
Metformin XR 1000mg - Premium Quality,Prescription
Metformin XR 1000mg - Bulk Pack,Prescription
Omeprazole 40mg - Premium Quality,Prescription
Albuterol Inhaler - Bulk Pack,Prescription
Levothyroxine 50mcg (Organic),Prescription
Omeprazole 40mg - Bulk Pack,Prescription
Albuterol Inhaler (Limited Edition),Prescription
Levothyroxine 50mcg (Limited Edition),Prescription
Lisinopril 10mg - 2024 Model,Prescription
Amoxicillin 500mg (Organic),Prescription
Insulin Pen - Premium Quality,Prescription
Lisinopril 10mg - Bulk Pack,Prescription
Omeprazole 40mg - Premium Quality,Prescription
Amoxicillin 500mg (Organic),Prescription
Albuterol Inhaler,Prescription
Metformin XR 1000mg (Organic),Prescription
Albuterol Inhaler - Bulk Pack,Prescription
Levothyroxine 50mcg (Organic),Prescription
Amoxicillin 500mg - Bulk Pack,Prescription
Albuterol Inhaler - 2024 Model,Prescription
Insulin Pen (Organic),Prescription
Levothyroxine 50mcg (Limited Edition),Prescription
Lisinopril 10mg - 2024 Model,Prescription
Metformin XR 1000mg - Premium Quality,Prescription
Albuterol Inhaler - Premium Quality,Prescription
Insulin Pen (Limited Edition),Prescription
Albuterol Inhaler,Prescription
Albuterol Inhaler - Premium Quality,Prescription
Lisinopril 10mg (Organic),Prescription
Omeprazole 40mg,Prescription
Atorvastatin 20mg,Prescription
Atorvastatin 20mg (Limited Edition),Prescription
Atorvastatin 20mg (Limited Edition),Prescription
Albuterol Inhaler (Organic),Prescription
Amoxicillin 500mg,Prescription
Albuterol Inhaler,Prescription
Amoxicillin 500mg (Limited Edition),Prescription
Atorvastatin 20mg - 2024 Model,Prescription
Amoxicillin 500mg - 2024 Model,Prescription
Atorvastatin 20mg (Organic),Prescription
Atorvastatin 20mg,Prescription
Amoxicillin 500mg - 2024 Model,Prescription
Omeprazole 40mg - 2024 Model,Prescription
Levothyroxine 50mcg - Premium Quality,Prescription
Metformin XR 1000mg - Bulk Pack,Prescription
Metformin XR 1000mg - 2024 Model,Prescription
Levothyroxine 50mcg - Premium Quality,Prescription
Levothyroxine 50mcg,Prescription
Omeprazole 40mg (Limited Edition),Prescription
Lisinopril 10mg - Bulk Pack,Prescription
Lisinopril 10mg - Premium Quality,Prescription
Insulin Pen - 2024 Model,Prescription
Albuterol Inhaler,Prescription
Albuterol Inhaler - Premium Quality,Prescription
Levothyroxine 50mcg - Bulk Pack,Prescription
Levothyroxine 50mcg - Bulk Pack,Prescription
Desk Lamp (Organic),General
Gaming Mouse - 2024 Model,General
Office Chair - 2024 Model,General
USB Hub - Bulk Pack,General
Monitor Stand - 2024 Model,General
Smartphone (Organic),General
USB Hub - 2024 Model,General
Smartphone (Organic),General
Wireless Charger,General
Wireless Charger (Limited Edition),General
Monitor Stand (Organic),General
Monitor Stand (Limited Edition),General
USB Hub - Premium Quality,General
Laptop,General
Laptop (Organic),General
Office Chair - Premium Quality,General
Office Chair (Limited Edition),General
Desk Lamp - Bulk Pack,General
Desk Lamp - Premium Quality,General
Wireless Charger (Organic),General
Office Chair - Bulk Pack,General
Wireless Charger,General
Gaming Mouse (Limited Edition),General
Desk Lamp - 2024 Model,General
Office Chair - Premium Quality,General
Smartphone - 2024 Model,General
Office Chair - Bulk Pack,General
Desk Lamp (Limited Edition),General
Desk Lamp - Premium Quality,General
Desk Lamp (Organic),General
Monitor Stand (Organic),General
Gaming Mouse - 2024 Model,General
Desk Lamp - Premium Quality,General
USB Hub,General
Gaming Mouse - Premium Quality,General
Smartphone (Organic),General
Wireless Charger - 2024 Model,General
Desk Lamp (Limited Edition),General
Wireless Charger - Premium Quality,General
Laptop (Limited Edition),General
Smartphone - 2024 Model,General
USB Hub (Limited Edition),General
Wireless Charger,General
Smartphone (Organic),General
Office Chair - Premium Quality,General
Laptop,General
Laptop - 2024 Model,General
Desk Lamp,General
Office Chair - Bulk Pack,General
USB Hub - 2024 Model,General
Monitor Stand,General
Gaming Mouse - 2024 Model,General
Desk Lamp (Organic),General
Office Chair - 2024 Model,General
Monitor Stand - Premium Quality,General
Smartphone - Premium Quality,General
Monitor Stand - 2024 Model,General
Laptop,General
Wireless Charger,General
Office Chair - Premium Quality,General
Wireless Charger - Premium Quality,General
Office Chair - Premium Quality,General
Office Chair - 2024 Model,General
Laptop - Bulk Pack,General
Smartphone (Limited Edition),General
Wireless Charger,General
Gaming Mouse - Bulk Pack,General
Gaming Mouse,General
USB Hub - Premium Quality,General
USB Hub (Organic),General
Smartphone (Limited Edition),General
Laptop (Limited Edition),General
Wireless Charger (Limited Edition),General
Gaming Mouse - Bulk Pack,General
Desk Lamp (Organic),General
Office Chair (Limited Edition),General
Laptop (Limited Edition),General
Gaming Mouse (Limited Edition),General
Laptop - Premium Quality,General
Laptop - Premium Quality,General
Wireless Charger - Bulk Pack,General
Desk Lamp - Bulk Pack,General
Monitor Stand (Organic),General
Laptop (Limited Edition),General
Desk Lamp,General
Desk Lamp - Bulk Pack,General
Monitor Stand - Bulk Pack,General
Wireless Charger - Premium Quality,General
Wireless Charger,General
Monitor Stand - 2024 Model,General
Monitor Stand,General
USB Hub (Limited Edition),General
Monitor Stand - Bulk Pack,General
Laptop - Bulk Pack,General
Smartphone - 2024 Model,General
Desk Lamp (Limited Edition),General
Laptop - Bulk Pack,General
Office Chair (Organic),General
Smartphone,General
Gaming Mouse (Organic),General
Wireless Charger - 2024 Model,General
Smartphone - 2024 Model,General
Smartphone - Bulk Pack,General
Gaming Mouse - Premium Quality,General
Laptop (Organic),General
Desk Lamp - Premium Quality,General
Monitor Stand - 2024 Model,General
USB Hub - Premium Quality,General
Laptop - Premium Quality,General
Gaming Mouse (Organic),General
USB Hub (Limited Edition),General
Smartphone - Premium Quality,General
Monitor Stand (Limited Edition),General
Office Chair (Organic),General
Wireless Charger - 2024 Model,General
Office Chair - 2024 Model,General
Gaming Mouse - 2024 Model,General
USB Hub,General
Desk Lamp - Premium Quality,General
Desk Lamp,General
Gaming Mouse - 2024 Model,General
Office Chair - 2024 Model,General
Desk Lamp - 2024 Model,General
Wireless Charger (Limited Edition),General
Desk Lamp - Premium Quality,General
Gaming Mouse,General
Laptop - Bulk Pack,General
USB Hub (Limited Edition),General
Wireless Charger - 2024 Model,General
Wireless Charger,General
Monitor Stand (Organic),General
USB Hub - 2024 Model,General
Wireless Charger - Premium Quality,General
Wireless Charger (Limited Edition),General
Monitor Stand - Premium Quality,General
Smartphone (Organic),General
Monitor Stand (Limited Edition),General
Smartphone - Bulk Pack,General
Monitor Stand (Organic),General
Desk Lamp - Premium Quality,General
USB Hub,General
Wireless Charger (Limited Edition),General
Smartphone (Organic),General
Gaming Mouse - Bulk Pack,General
Smartphone - 2024 Model,General
Wireless Charger,General
Laptop - Premium Quality,General
Monitor Stand (Limited Edition),General
Gaming Mouse - 2024 Model,General
Gaming Mouse - 2024 Model,General
Whole Grain Bread (Limited Edition),Food
Whole Grain Bread - Bulk Pack,Food
Protein Bar - Bulk Pack,Food
Gluten-Free Pasta (Organic),Food
Protein Bar - Premium Quality,Food
Whole Grain Bread - Bulk Pack,Food
Almond Butter (Limited Edition),Food
Almond Butter (Limited Edition),Food
Almond Butter - 2024 Model,Food
Cold Brew Coffee - Premium Quality,Food
Almond Butter (Limited Edition),Food
Cold Brew Coffee,Food
Organic Eggs (Organic),Food
Frozen Veggies,Food
Frozen Veggies - Bulk Pack,Food
Organic Eggs - Premium Quality,Food
Almond Butter - Bulk Pack,Food
Cold Brew Coffee (Limited Edition),Food
Greek Yogurt (Organic),Food
Whole Grain Bread,Food
Almond Butter - Bulk Pack,Food
Cold Brew Coffee - 2024 Model,Food
Organic Eggs,Food
Organic Eggs - 2024 Model,Food
Cold Brew Coffee (Organic),Food
Whole Grain Bread - Premium Quality,Food
Gluten-Free Pasta - Premium Quality,Food
Organic Eggs - Premium Quality,Food
Gluten-Free Pasta - Premium Quality,Food
Organic Eggs - Premium Quality,Food
Greek Yogurt - Bulk Pack,Food
Cold Brew Coffee - Bulk Pack,Food
Almond Butter - 2024 Model,Food
Greek Yogurt - Premium Quality,Food
Almond Butter (Limited Edition),Food
Almond Butter - 2024 Model,Food
Greek Yogurt (Limited Edition),Food
Protein Bar - Premium Quality,Food
Whole Grain Bread,Food
Cold Brew Coffee - 2024 Model,Food
Gluten-Free Pasta,Food
Almond Butter,Food
Whole Grain Bread - Bulk Pack,Food
Frozen Veggies (Limited Edition),Food
Greek Yogurt - Premium Quality,Food
Almond Butter (Organic),Food
Whole Grain Bread - Premium Quality,Food
Cold Brew Coffee (Organic),Food
Whole Grain Bread - Bulk Pack,Food
Protein Bar,Food
Frozen Veggies - Bulk Pack,Food
Whole Grain Bread (Limited Edition),Food
Frozen Veggies - Bulk Pack,Food
Almond Butter - Bulk Pack,Food
Organic Eggs,Food
Cold Brew Coffee - Bulk Pack,Food
Protein Bar - 2024 Model,Food
Frozen Veggies - Premium Quality,Food
Organic Eggs - Premium Quality,Food
Whole Grain Bread - 2024 Model,Food
Almond Butter,Food
Whole Grain Bread - Premium Quality,Food
Almond Butter (Limited Edition),Food
Cold Brew Coffee (Limited Edition),Food
Frozen Veggies (Organic),Food
Organic Eggs - Premium Quality,Food
Cold Brew Coffee - 2024 Model,Food
Organic Eggs (Organic),Food
Whole Grain Bread,Food
Almond Butter - Premium Quality,Food
Gluten-Free Pasta - Bulk Pack,Food
Gluten-Free Pasta (Limited Edition),Food
Cold Brew Coffee - 2024 Model,Food
Gluten-Free Pasta - Bulk Pack,Food
Frozen Veggies,Food
Greek Yogurt - Premium Quality,Food
Almond Butter (Limited Edition),Food
Protein Bar - Bulk Pack,Food
Whole Grain Bread (Limited Edition),Food
Cold Brew Coffee,Food
Organic Eggs - Bulk Pack,Food
Greek Yogurt (Organic),Food
Almond Butter - 2024 Model,Food
Gluten-Free Pasta,Food
Frozen Veggies (Limited Edition),Food
Cold Brew Coffee - Bulk Pack,Food
Protein Bar (Organic),Food
Organic Eggs - 2024 Model,Food
Almond Butter,Food
Cold Brew Coffee - 2024 Model,Food
Protein Bar - Bulk Pack,Food
Cold Brew Coffee - Premium Quality,Food
Greek Yogurt - Premium Quality,Food
Gluten-Free Pasta - Bulk Pack,Food
Protein Bar - 2024 Model,Food
Protein Bar - Bulk Pack,Food
Whole Grain Bread,Food
Greek Yogurt (Limited Edition),Food
Cold Brew Coffee - Premium Quality,Food
Frozen Veggies - 2024 Model,Food
Frozen Veggies - Premium Quality,Food
Cold Brew Coffee (Organic),Food
Protein Bar (Limited Edition),Food
Frozen Veggies (Organic),Food
Cold Brew Coffee (Organic),Food
Whole Grain Bread - 2024 Model,Food
Greek Yogurt - Bulk Pack,Food
Cold Brew Coffee,Food
Protein Bar (Limited Edition),Food
Gluten-Free Pasta - Premium Quality,Food
Gluten-Free Pasta - Bulk Pack,Food
Frozen Veggies - Bulk Pack,Food
Cold Brew Coffee (Organic),Food
Almond Butter (Limited Edition),Food
Organic Eggs - Bulk Pack,Food
Almond Butter - Bulk Pack,Food
Organic Eggs - Premium Quality,Food
Almond Butter - Bulk Pack,Food
Greek Yogurt - Premium Quality,Food
Gluten-Free Pasta - 2024 Model,Food
Greek Yogurt (Organic),Food
Greek Yogurt - Premium Quality,Food
Almond Butter - Premium Quality,Food
Frozen Veggies - Bulk Pack,Food
Almond Butter - 2024 Model,Food
Whole Grain Bread (Limited Edition),Food
Gluten-Free Pasta (Limited Edition),Food
Cold Brew Coffee - Bulk Pack,Food
Gluten-Free Pasta - Bulk Pack,Food
Greek Yogurt (Limited Edition),Food
Almond Butter - Bulk Pack,Food
Almond Butter - Premium Quality,Food
Organic Eggs (Organic),Food
Gluten-Free Pasta - 2024 Model,Food
Cold Brew Coffee - Bulk Pack,Food
Greek Yogurt - 2024 Model,Food
Organic Eggs - Premium Quality,Food
Whole Grain Bread,Food
Organic Eggs - 2024 Model,Food
Gluten-Free Pasta - 2024 Model,Food
Almond Butter - 2024 Model,Food
Gluten-Free Pasta (Limited Edition),Food
Greek Yogurt (Organic),Food
Almond Butter (Limited Edition),Food
Whole Grain Bread - Bulk Pack,Food
Greek Yogurt (Limited Edition),Food
Organic Eggs - 2024 Model,Food
Frozen Veggies - Bulk Pack,Food
Gluten-Free Pasta - 2024 Model,Food
Whole Grain Bread (Limited Edition),Food
Denim Jacket (Limited Edition),Clothing
Cotton T-Shirt (Limited Edition),Clothing
Men's Running Shoes - Bulk Pack,Clothing
Denim Jacket - 2024 Model,Clothing
Cotton T-Shirt - Bulk Pack,Clothing
Women's Winter Coat,Clothing
Silk Scarf - Premium Quality,Clothing
Women's Winter Coat (Organic),Clothing
Men's Running Shoes,Clothing
Denim Jacket (Limited Edition),Clothing
Cotton T-Shirt - Premium Quality,Clothing
Athletic Socks - 2024 Model,Clothing
Leather Belt - 2024 Model,Clothing
Cotton T-Shirt - 2024 Model,Clothing
Women's Winter Coat,Clothing
Denim Jacket,Clothing
Athletic Socks - 2024 Model,Clothing
Athletic Socks - 2024 Model,Clothing
Snapback Cap (Organic),Clothing
Snapback Cap,Clothing
Athletic Socks - Bulk Pack,Clothing
Snapback Cap - Premium Quality,Clothing
Snapback Cap - 2024 Model,Clothing
Snapback Cap (Organic),Clothing
Cotton T-Shirt - Premium Quality,Clothing
Men's Running Shoes,Clothing
Men's Running Shoes - Bulk Pack,Clothing
Denim Jacket - Premium Quality,Clothing
Women's Winter Coat - Bulk Pack,Clothing
Athletic Socks - Premium Quality,Clothing
Men's Running Shoes (Organic),Clothing
Athletic Socks - Bulk Pack,Clothing
Leather Belt (Organic),Clothing
Athletic Socks - Premium Quality,Clothing
Leather Belt,Clothing
Athletic Socks - Bulk Pack,Clothing
Cotton T-Shirt (Limited Edition),Clothing
Silk Scarf (Limited Edition),Clothing
Leather Belt - Premium Quality,Clothing
Silk Scarf - Premium Quality,Clothing
Women's Winter Coat - Bulk Pack,Clothing
Denim Jacket (Organic),Clothing
Leather Belt - 2024 Model,Clothing
Leather Belt (Limited Edition),Clothing
Women's Winter Coat - 2024 Model,Clothing
Silk Scarf,Clothing
Denim Jacket - Premium Quality,Clothing
Men's Running Shoes (Limited Edition),Clothing
Women's Winter Coat (Limited Edition),Clothing
Men's Running Shoes (Organic),Clothing
Leather Belt (Organic),Clothing
Denim Jacket (Limited Edition),Clothing
Cotton T-Shirt (Limited Edition),Clothing
Cotton T-Shirt - Premium Quality,Clothing
Women's Winter Coat (Organic),Clothing
Athletic Socks - Premium Quality,Clothing
Denim Jacket - 2024 Model,Clothing
Leather Belt - 2024 Model,Clothing
Athletic Socks - 2024 Model,Clothing
Leather Belt,Clothing
Snapback Cap - 2024 Model,Clothing
Cotton T-Shirt,Clothing
Snapback Cap (Limited Edition),Clothing
Silk Scarf - 2024 Model,Clothing
Men's Running Shoes,Clothing
Snapback Cap (Limited Edition),Clothing
Men's Running Shoes (Organic),Clothing
Denim Jacket - 2024 Model,Clothing
Athletic Socks (Organic),Clothing
Athletic Socks - Premium Quality,Clothing
Leather Belt - Premium Quality,Clothing
Athletic Socks,Clothing
Men's Running Shoes - 2024 Model,Clothing
Athletic Socks,Clothing
Women's Winter Coat (Limited Edition),Clothing
Athletic Socks - Bulk Pack,Clothing
Snapback Cap - Premium Quality,Clothing
Silk Scarf - Premium Quality,Clothing
Snapback Cap - Premium Quality,Clothing
Cotton T-Shirt,Clothing
Snapback Cap - Bulk Pack,Clothing
Leather Belt (Limited Edition),Clothing
Cotton T-Shirt - Premium Quality,Clothing
Men's Running Shoes - 2024 Model,Clothing
Women's Winter Coat,Clothing
Athletic Socks (Limited Edition),Clothing
Leather Belt (Organic),Clothing
Athletic Socks - Bulk Pack,Clothing
Women's Winter Coat - Bulk Pack,Clothing
Women's Winter Coat - Bulk Pack,Clothing
Cotton T-Shirt (Limited Edition),Clothing
Leather Belt - Bulk Pack,Clothing
Women's Winter Coat (Limited Edition),Clothing
Men's Running Shoes - Bulk Pack,Clothing
Men's Running Shoes (Organic),Clothing
Denim Jacket - Bulk Pack,Clothing
Women's Winter Coat (Organic),Clothing
Snapback Cap,Clothing
Snapback Cap (Limited Edition),Clothing
Denim Jacket,Clothing
Women's Winter Coat - Premium Quality,Clothing
Athletic Socks - Premium Quality,Clothing
Cotton T-Shirt,Clothing
Athletic Socks (Organic),Clothing
Athletic Socks - 2024 Model,Clothing
Athletic Socks (Organic),Clothing
Athletic Socks - Bulk Pack,Clothing
Men's Running Shoes - Bulk Pack,Clothing
Leather Belt - Bulk Pack,Clothing
Denim Jacket (Organic),Clothing
Snapback Cap - 2024 Model,Clothing
Cotton T-Shirt (Organic),Clothing
Denim Jacket (Organic),Clothing
Snapback Cap (Organic),Clothing
Men's Running Shoes (Organic),Clothing
Leather Belt (Limited Edition),Clothing
Leather Belt - Premium Quality,Clothing
Cotton T-Shirt - Bulk Pack,Clothing
Silk Scarf - 2024 Model,Clothing
Snapback Cap (Organic),Clothing
Cotton T-Shirt - Bulk Pack,Clothing
Cotton T-Shirt (Organic),Clothing
Snapback Cap (Organic),Clothing
Women's Winter Coat - Bulk Pack,Clothing
Athletic Socks,Clothing
Athletic Socks (Limited Edition),Clothing
Denim Jacket (Organic),Clothing
Snapback Cap,Clothing
Silk Scarf (Organic),Clothing
Athletic Socks - Bulk Pack,Clothing
Silk Scarf,Clothing
Men's Running Shoes - 2024 Model,Clothing
Athletic Socks - 2024 Model,Clothing
Cotton T-Shirt - Bulk Pack,Clothing
Women's Winter Coat - 2024 Model,Clothing
Men's Running Shoes (Limited Edition),Clothing
Women's Winter Coat (Organic),Clothing
Cotton T-Shirt - Bulk Pack,Clothing
Snapback Cap - Premium Quality,Clothing
Snapback Cap (Limited Edition),Clothing
Leather Belt (Limited Edition),Clothing
Leather Belt (Organic),Clothing
Silk Scarf - Premium Quality,Clothing
Men's Running Shoes - Premium Quality,Clothing
Leather Belt - 2024 Model,Clothing
Denim Jacket - Bulk Pack,Clothing
Men's Running Shoes,Clothing
Athletic Socks (Limited Edition),Clothing
Denim Jacket (Organic),Clothing
Women's Winter Coat - Bulk Pack,Clothing
VPN Service - 2024 Model,Digital
VPN Service (Limited Edition),Digital
Video Editing Software - Bulk Pack,Digital
Cloud Backup Storage (Limited Edition),Digital
E-book Subscription (Organic),Digital
Online Coding Course,Digital
Video Editing Software,Digital
AI Writing Tool (Organic),Digital
Cloud Backup Storage - 2024 Model,Digital
E-book Subscription - Premium Quality,Digital
AI Writing Tool - Premium Quality,Digital
Online Coding Course (Limited Edition),Digital
Online Coding Course - Premium Quality,Digital
E-book Subscription,Digital
Video Editing Software - Bulk Pack,Digital
Music Streaming Plan - Bulk Pack,Digital
E-book Subscription - Bulk Pack,Digital
E-book Subscription,Digital
Video Editing Software - Bulk Pack,Digital
Music Streaming Plan (Organic),Digital
Music Streaming Plan - Premium Quality,Digital
Video Editing Software,Digital
Stock Photo Package - Premium Quality,Digital
Music Streaming Plan - Bulk Pack,Digital
E-book Subscription (Limited Edition),Digital
VPN Service (Organic),Digital
Music Streaming Plan,Digital
Online Coding Course - Premium Quality,Digital
AI Writing Tool - Premium Quality,Digital
AI Writing Tool (Organic),Digital
Online Coding Course (Organic),Digital
Online Coding Course - Premium Quality,Digital
E-book Subscription - Premium Quality,Digital
Video Editing Software,Digital
Online Coding Course - Premium Quality,Digital
Video Editing Software - 2024 Model,Digital
VPN Service - Bulk Pack,Digital
Cloud Backup Storage - Bulk Pack,Digital
Video Editing Software (Organic),Digital
Stock Photo Package,Digital
Video Editing Software - Premium Quality,Digital
Stock Photo Package - Premium Quality,Digital
AI Writing Tool - Premium Quality,Digital
VPN Service - Premium Quality,Digital
Music Streaming Plan (Organic),Digital
E-book Subscription - 2024 Model,Digital
AI Writing Tool - 2024 Model,Digital
Online Coding Course (Organic),Digital
Video Editing Software (Limited Edition),Digital
VPN Service,Digital
Stock Photo Package - 2024 Model,Digital
VPN Service - Premium Quality,Digital
Stock Photo Package - 2024 Model,Digital
Online Coding Course (Limited Edition),Digital
E-book Subscription - 2024 Model,Digital
Online Coding Course,Digital
Video Editing Software - Premium Quality,Digital
Music Streaming Plan (Limited Edition),Digital
Online Coding Course,Digital
AI Writing Tool - 2024 Model,Digital
Video Editing Software - 2024 Model,Digital
E-book Subscription - Bulk Pack,Digital
E-book Subscription - Premium Quality,Digital
VPN Service,Digital
Music Streaming Plan,Digital
AI Writing Tool,Digital
AI Writing Tool - 2024 Model,Digital
Online Coding Course - Bulk Pack,Digital
Online Coding Course - 2024 Model,Digital
Video Editing Software - Premium Quality,Digital
Stock Photo Package - 2024 Model,Digital
Online Coding Course (Limited Edition),Digital
AI Writing Tool (Organic),Digital
E-book Subscription (Organic),Digital
AI Writing Tool - Premium Quality,Digital
VPN Service - Premium Quality,Digital
E-book Subscription - 2024 Model,Digital
Video Editing Software,Digital
AI Writing Tool (Limited Edition),Digital
Music Streaming Plan - Bulk Pack,Digital
Cloud Backup Storage (Organic),Digital
Music Streaming Plan,Digital
AI Writing Tool - Premium Quality,Digital
Stock Photo Package,Digital
VPN Service - Premium Quality,Digital
Video Editing Software - Bulk Pack,Digital
Music Streaming Plan (Organic),Digital
E-book Subscription - Premium Quality,Digital
Stock Photo Package (Limited Edition),Digital
Online Coding Course (Organic),Digital
Stock Photo Package,Digital
Music Streaming Plan - Bulk Pack,Digital
AI Writing Tool (Organic),Digital
Cloud Backup Storage (Organic),Digital
E-book Subscription - Bulk Pack,Digital
Stock Photo Package - Bulk Pack,Digital
Stock Photo Package - Premium Quality,Digital
Stock Photo Package (Limited Edition),Digital
Music Streaming Plan (Limited Edition),Digital
AI Writing Tool (Limited Edition),Digital
AI Writing Tool - 2024 Model,Digital
Music Streaming Plan,Digital
Online Coding Course - 2024 Model,Digital
Online Coding Course - 2024 Model,Digital
E-book Subscription (Organic),Digital
Online Coding Course - Premium Quality,Digital
VPN Service,Digital
Cloud Backup Storage (Organic),Digital
Stock Photo Package (Organic),Digital
VPN Service - 2024 Model,Digital
Stock Photo Package,Digital
AI Writing Tool (Limited Edition),Digital
Music Streaming Plan,Digital
Stock Photo Package (Limited Edition),Digital
Cloud Backup Storage - Bulk Pack,Digital
VPN Service - Premium Quality,Digital
E-book Subscription - Bulk Pack,Digital
Online Coding Course (Organic),Digital
AI Writing Tool - 2024 Model,Digital
Stock Photo Package,Digital
Stock Photo Package (Limited Edition),Digital
Video Editing Software (Organic),Digital
Online Coding Course,Digital
Video Editing Software (Limited Edition),Digital
Stock Photo Package,Digital
VPN Service - Premium Quality,Digital
Stock Photo Package (Organic),Digital
Online Coding Course - Bulk Pack,Digital
E-book Subscription - Premium Quality,Digital
E-book Subscription - 2024 Model,Digital
Stock Photo Package,Digital
VPN Service - Premium Quality,Digital
Music Streaming Plan (Organic),Digital
E-book Subscription (Organic),Digital
Online Coding Course (Limited Edition),Digital
Music Streaming Plan - Bulk Pack,Digital
VPN Service (Limited Edition),Digital
Stock Photo Package - Premium Quality,Digital
VPN Service - Premium Quality,Digital
Video Editing Software - 2024 Model,Digital
Stock Photo Package,Digital
VPN Service (Limited Edition),Digital
Stock Photo Package (Organic),Digital
E-book Subscription,Digital
Cloud Backup Storage - Premium Quality,Digital
Video Editing Software,Digital
Stock Photo Package,Digital
Cloud Backup Storage,Digital
Video Editing Software (Organic),Digital
Stock Photo Package,Digital
Safety Helmets (Organic),Manufacturing
Construction Bolts (Limited Edition),Manufacturing
Industrial Adhesive - 2024 Model,Manufacturing
Heavy Duty Chains - 2024 Model,Manufacturing
Heavy Duty Chains (Limited Edition),Manufacturing
Construction Bolts (Organic),Manufacturing
Steel Pipes (Limited Edition),Manufacturing
Industrial Adhesive,Manufacturing
Heavy Duty Chains - 2024 Model,Manufacturing
Hydraulic Pump - Premium Quality,Manufacturing
Steel Pipes - Premium Quality,Manufacturing
Hydraulic Pump (Limited Edition),Manufacturing
Industrial Adhesive - Premium Quality,Manufacturing
Precision Bearings - Premium Quality,Manufacturing
Precision Bearings - Bulk Pack,Manufacturing
CNC Machine Parts (Organic),Manufacturing
Heavy Duty Chains (Limited Edition),Manufacturing
Industrial Adhesive (Organic),Manufacturing
Construction Bolts - 2024 Model,Manufacturing
Heavy Duty Chains - Bulk Pack,Manufacturing
Safety Helmets - 2024 Model,Manufacturing
Hydraulic Pump - Premium Quality,Manufacturing
Steel Pipes (Organic),Manufacturing
Construction Bolts - 2024 Model,Manufacturing
Precision Bearings - Premium Quality,Manufacturing
Safety Helmets - Bulk Pack,Manufacturing
Precision Bearings,Manufacturing
CNC Machine Parts - 2024 Model,Manufacturing
Safety Helmets,Manufacturing
Industrial Adhesive (Limited Edition),Manufacturing
Construction Bolts - 2024 Model,Manufacturing
Safety Helmets (Limited Edition),Manufacturing
CNC Machine Parts - Bulk Pack,Manufacturing
Industrial Adhesive - Bulk Pack,Manufacturing
Safety Helmets (Limited Edition),Manufacturing
Hydraulic Pump - 2024 Model,Manufacturing
CNC Machine Parts (Organic),Manufacturing
Industrial Adhesive - Premium Quality,Manufacturing
Precision Bearings - Bulk Pack,Manufacturing
CNC Machine Parts (Organic),Manufacturing
Industrial Adhesive - Premium Quality,Manufacturing
CNC Machine Parts (Organic),Manufacturing
Construction Bolts - 2024 Model,Manufacturing
Heavy Duty Chains - 2024 Model,Manufacturing
Industrial Adhesive (Limited Edition),Manufacturing
Safety Helmets,Manufacturing
Construction Bolts - Premium Quality,Manufacturing
Precision Bearings (Organic),Manufacturing
Hydraulic Pump (Limited Edition),Manufacturing
Heavy Duty Chains - Bulk Pack,Manufacturing
Safety Helmets,Manufacturing
Construction Bolts - Bulk Pack,Manufacturing
Hydraulic Pump,Manufacturing
CNC Machine Parts,Manufacturing
Hydraulic Pump - Bulk Pack,Manufacturing
Safety Helmets - Premium Quality,Manufacturing
Hydraulic Pump - 2024 Model,Manufacturing
Steel Pipes - 2024 Model,Manufacturing
Heavy Duty Chains (Limited Edition),Manufacturing
Steel Pipes - Premium Quality,Manufacturing
Heavy Duty Chains (Organic),Manufacturing
CNC Machine Parts (Organic),Manufacturing
Industrial Adhesive (Limited Edition),Manufacturing
CNC Machine Parts (Limited Edition),Manufacturing
Construction Bolts - Premium Quality,Manufacturing
Safety Helmets (Organic),Manufacturing
CNC Machine Parts,Manufacturing
Precision Bearings (Limited Edition),Manufacturing
Construction Bolts,Manufacturing
Construction Bolts,Manufacturing
Steel Pipes,Manufacturing
CNC Machine Parts,Manufacturing
Industrial Adhesive - Bulk Pack,Manufacturing
Heavy Duty Chains - Bulk Pack,Manufacturing
Steel Pipes - 2024 Model,Manufacturing
Steel Pipes,Manufacturing
Safety Helmets,Manufacturing
CNC Machine Parts - Premium Quality,Manufacturing
Precision Bearings - Premium Quality,Manufacturing
Safety Helmets (Organic),Manufacturing
CNC Machine Parts,Manufacturing
Construction Bolts (Limited Edition),Manufacturing
Heavy Duty Chains - 2024 Model,Manufacturing
Precision Bearings (Organic),Manufacturing
Precision Bearings,Manufacturing
Safety Helmets - Bulk Pack,Manufacturing
CNC Machine Parts - Premium Quality,Manufacturing
CNC Machine Parts - 2024 Model,Manufacturing
CNC Machine Parts - 2024 Model,Manufacturing
Precision Bearings - 2024 Model,Manufacturing
CNC Machine Parts (Limited Edition),Manufacturing
Construction Bolts,Manufacturing
Hydraulic Pump (Organic),Manufacturing
CNC Machine Parts (Limited Edition),Manufacturing
Precision Bearings - Premium Quality,Manufacturing
Construction Bolts - 2024 Model,Manufacturing
Precision Bearings,Manufacturing
Heavy Duty Chains - 2024 Model,Manufacturing
Precision Bearings - Premium Quality,Manufacturing
Steel Pipes,Manufacturing
Safety Helmets,Manufacturing
Steel Pipes (Limited Edition),Manufacturing
Safety Helmets,Manufacturing
Construction Bolts (Organic),Manufacturing
Construction Bolts (Organic),Manufacturing
Precision Bearings (Organic),Manufacturing
Construction Bolts - 2024 Model,Manufacturing
Hydraulic Pump - Premium Quality,Manufacturing
Heavy Duty Chains (Limited Edition),Manufacturing
Steel Pipes - 2024 Model,Manufacturing
Heavy Duty Chains - 2024 Model,Manufacturing
Precision Bearings - Premium Quality,Manufacturing
Hydraulic Pump - Premium Quality,Manufacturing
Hydraulic Pump - Bulk Pack,Manufacturing
Heavy Duty Chains (Organic),Manufacturing
Precision Bearings (Limited Edition),Manufacturing
CNC Machine Parts (Limited Edition),Manufacturing
Hydraulic Pump,Manufacturing
Heavy Duty Chains,Manufacturing
Steel Pipes (Limited Edition),Manufacturing
CNC Machine Parts (Organic),Manufacturing
Safety Helmets - Premium Quality,Manufacturing
Safety Helmets,Manufacturing
Construction Bolts - Premium Quality,Manufacturing
CNC Machine Parts - Bulk Pack,Manufacturing
Heavy Duty Chains (Limited Edition),Manufacturing
Steel Pipes,Manufacturing
Precision Bearings - Premium Quality,Manufacturing
Hydraulic Pump - Bulk Pack,Manufacturing
Safety Helmets (Limited Edition),Manufacturing
Industrial Adhesive (Limited Edition),Manufacturing
CNC Machine Parts (Limited Edition),Manufacturing
Heavy Duty Chains - Premium Quality,Manufacturing
Hydraulic Pump - 2024 Model,Manufacturing
Precision Bearings (Organic),Manufacturing
Construction Bolts - Premium Quality,Manufacturing
Industrial Adhesive - Bulk Pack,Manufacturing
Steel Pipes (Organic),Manufacturing
CNC Machine Parts,Manufacturing
Construction Bolts (Limited Edition),Manufacturing
Steel Pipes (Limited Edition),Manufacturing
CNC Machine Parts - Bulk Pack,Manufacturing
Heavy Duty Chains - Premium Quality,Manufacturing
Construction Bolts - Bulk Pack,Manufacturing
Safety Helmets - Premium Quality,Manufacturing
Steel Pipes - Premium Quality,Manufacturing
Hydraulic Pump - 2024 Model,Manufacturing
Construction Bolts (Limited Edition),Manufacturing
Safety Helmets (Limited Edition),Manufacturing
Hydraulic Pump (Limited Edition),Manufacturing
Sake Traditional - Premium Quality,Alcohol
Tequila Gold (Limited Edition),Alcohol
Sake Traditional - Premium Quality,Alcohol
Rum Dark Reserve - Premium Quality,Alcohol
Champagne Extra Brut - Bulk Pack,Alcohol
Vodka 1L - 2024 Model,Alcohol
Craft IPA Beer (Limited Edition),Alcohol
Whiskey Aged 12 Years (Limited Edition),Alcohol
Red Wine Bottle - Bulk Pack,Alcohol
Craft IPA Beer - 2024 Model,Alcohol
Rum Dark Reserve - Premium Quality,Alcohol
Red Wine Bottle - 2024 Model,Alcohol
Vodka 1L (Organic),Alcohol
Champagne Extra Brut (Organic),Alcohol
Sake Traditional - Bulk Pack,Alcohol
Sake Traditional - 2024 Model,Alcohol
Rum Dark Reserve - Bulk Pack,Alcohol
Rum Dark Reserve - 2024 Model,Alcohol
Whiskey Aged 12 Years (Organic),Alcohol
Rum Dark Reserve - 2024 Model,Alcohol
Tequila Gold - Premium Quality,Alcohol
Red Wine Bottle - 2024 Model,Alcohol
Sake Traditional - Premium Quality,Alcohol
Tequila Gold - Premium Quality,Alcohol
Tequila Gold - Bulk Pack,Alcohol
Vodka 1L,Alcohol
Whiskey Aged 12 Years,Alcohol
Rum Dark Reserve (Limited Edition),Alcohol
Tequila Gold - Premium Quality,Alcohol
Rum Dark Reserve,Alcohol
Rum Dark Reserve (Limited Edition),Alcohol
Champagne Extra Brut (Limited Edition),Alcohol
Craft IPA Beer - 2024 Model,Alcohol
Vodka 1L - 2024 Model,Alcohol
Champagne Extra Brut - Premium Quality,Alcohol
Vodka 1L,Alcohol
Craft IPA Beer (Limited Edition),Alcohol
Vodka 1L,Alcohol
Champagne Extra Brut - Premium Quality,Alcohol
Champagne Extra Brut - Premium Quality,Alcohol
Whiskey Aged 12 Years (Organic),Alcohol
Craft IPA Beer (Organic),Alcohol
Rum Dark Reserve,Alcohol
Tequila Gold - Bulk Pack,Alcohol
Whiskey Aged 12 Years,Alcohol
Whiskey Aged 12 Years (Limited Edition),Alcohol
Champagne Extra Brut (Limited Edition),Alcohol
Tequila Gold (Limited Edition),Alcohol
Champagne Extra Brut,Alcohol
Red Wine Bottle - Premium Quality,Alcohol
Sake Traditional - 2024 Model,Alcohol
Rum Dark Reserve (Organic),Alcohol
Craft IPA Beer - 2024 Model,Alcohol
Champagne Extra Brut - Bulk Pack,Alcohol
Champagne Extra Brut - 2024 Model,Alcohol
Tequila Gold - 2024 Model,Alcohol
Vodka 1L - Bulk Pack,Alcohol
Red Wine Bottle - Bulk Pack,Alcohol
Red Wine Bottle - Bulk Pack,Alcohol
Craft IPA Beer,Alcohol
Tequila Gold - Bulk Pack,Alcohol
Sake Traditional - 2024 Model,Alcohol
Whiskey Aged 12 Years - Premium Quality,Alcohol
Whiskey Aged 12 Years - Premium Quality,Alcohol
Champagne Extra Brut - Bulk Pack,Alcohol
Craft IPA Beer,Alcohol
Red Wine Bottle,Alcohol
Craft IPA Beer - 2024 Model,Alcohol
Sake Traditional (Organic),Alcohol
Red Wine Bottle (Limited Edition),Alcohol
Champagne Extra Brut (Organic),Alcohol
Champagne Extra Brut - 2024 Model,Alcohol
Red Wine Bottle (Organic),Alcohol
Sake Traditional - Bulk Pack,Alcohol
Craft IPA Beer (Limited Edition),Alcohol
Tequila Gold - Premium Quality,Alcohol
Rum Dark Reserve,Alcohol
Craft IPA Beer - Bulk Pack,Alcohol
Champagne Extra Brut - Bulk Pack,Alcohol
Sake Traditional - Bulk Pack,Alcohol
Red Wine Bottle (Organic),Alcohol
Champagne Extra Brut - Premium Quality,Alcohol
Craft IPA Beer - 2024 Model,Alcohol
Vodka 1L (Limited Edition),Alcohol
Vodka 1L - Bulk Pack,Alcohol
Tequila Gold - Premium Quality,Alcohol
Red Wine Bottle - Premium Quality,Alcohol
Rum Dark Reserve (Organic),Alcohol
Champagne Extra Brut (Organic),Alcohol
Vodka 1L (Organic),Alcohol
Sake Traditional (Limited Edition),Alcohol
Champagne Extra Brut - Bulk Pack,Alcohol
Whiskey Aged 12 Years,Alcohol
Red Wine Bottle (Organic),Alcohol
Red Wine Bottle,Alcohol
Whiskey Aged 12 Years,Alcohol
Whiskey Aged 12 Years,Alcohol
Champagne Extra Brut (Limited Edition),Alcohol
Rum Dark Reserve - Premium Quality,Alcohol
Red Wine Bottle - Premium Quality,Alcohol
Sake Traditional (Limited Edition),Alcohol
Tequila Gold - Premium Quality,Alcohol
Sake Traditional - Bulk Pack,Alcohol
Tequila Gold (Limited Edition),Alcohol
Craft IPA Beer,Alcohol
Whiskey Aged 12 Years - Premium Quality,Alcohol
Champagne Extra Brut - Premium Quality,Alcohol
Red Wine Bottle (Limited Edition),Alcohol
Champagne Extra Brut - Premium Quality,Alcohol
Craft IPA Beer (Limited Edition),Alcohol
Rum Dark Reserve - 2024 Model,Alcohol
Red Wine Bottle - Bulk Pack,Alcohol
Vodka 1L - Bulk Pack,Alcohol
Rum Dark Reserve - Bulk Pack,Alcohol
Rum Dark Reserve - Bulk Pack,Alcohol
Rum Dark Reserve - Bulk Pack,Alcohol
Sake Traditional (Limited Edition),Alcohol
Sake Traditional - 2024 Model,Alcohol
Craft IPA Beer (Organic),Alcohol
Tequila Gold,Alcohol
Tequila Gold (Limited Edition),Alcohol
Red Wine Bottle - 2024 Model,Alcohol
Champagne Extra Brut (Limited Edition),Alcohol
Sake Traditional - 2024 Model,Alcohol
Red Wine Bottle,Alcohol
Vodka 1L - Premium Quality,Alcohol
Craft IPA Beer - Bulk Pack,Alcohol
Red Wine Bottle (Limited Edition),Alcohol
Sake Traditional - Bulk Pack,Alcohol
Red Wine Bottle - 2024 Model,Alcohol
Vodka 1L - Premium Quality,Alcohol
Whiskey Aged 12 Years - Premium Quality,Alcohol
Champagne Extra Brut (Limited Edition),Alcohol
Tequila Gold,Alcohol
Sake Traditional,Alcohol
Rum Dark Reserve (Limited Edition),Alcohol
Craft IPA Beer (Limited Edition),Alcohol
Sake Traditional,Alcohol
Whiskey Aged 12 Years - 2024 Model,Alcohol
Sake Traditional (Organic),Alcohol
Vodka 1L - Bulk Pack,Alcohol
Sake Traditional (Limited Edition),Alcohol
Craft IPA Beer (Organic),Alcohol
Rum Dark Reserve - Bulk Pack,Alcohol
Champagne Extra Brut - Premium Quality,Alcohol
Tequila Gold - 2024 Model,Alcohol
Whiskey Aged 12 Years,Alcohol
Vodka 1L,Alcohol
Tequila Gold - Bulk Pack,Alcohol
Red Wine Bottle (Organic),Alcohol
Champagne Extra Brut,Alcohol
Champagne Extra Brut - Bulk Pack,Alcohol
Sake Traditional - 2024 Model,Alcohol
Tequila Gold - Bulk Pack,Alcohol
Champagne Extra Brut - 2024 Model,Alcohol
Sake Traditional,Alcohol
Sake Traditional - Bulk Pack,Alcohol
Sake Traditional (Limited Edition),Alcohol
Whiskey Aged 12 Years (Organic),Alcohol
Champagne Extra Brut (Limited Edition),Alcohol
Motor Oil 5W-30 - Bulk Pack,Automobile
Leather Car Seat Covers,Automobile
Windshield Wipers - 2024 Model,Automobile
All-Season Tires,Automobile
All-Season Tires (Limited Edition),Automobile
LED Headlights (Limited Edition),Automobile
Motor Oil 5W-30 (Limited Edition),Automobile
Dashboard Camera - Premium Quality,Automobile
Dashboard Camera (Organic),Automobile
Brake Pads Set (Organic),Automobile
Car Battery - Bulk Pack,Automobile
Motor Oil 5W-30 - Bulk Pack,Automobile
Brake Pads Set - 2024 Model,Automobile
Motor Oil 5W-30 - 2024 Model,Automobile
All-Season Tires (Organic),Automobile
Motor Oil 5W-30 (Organic),Automobile
Car Battery - Premium Quality,Automobile
Motor Oil 5W-30 - 2024 Model,Automobile
Windshield Wipers - Premium Quality,Automobile
Windshield Wipers - Premium Quality,Automobile
Motor Oil 5W-30 - 2024 Model,Automobile
Car Battery (Organic),Automobile
Brake Pads Set - 2024 Model,Automobile
LED Headlights - Premium Quality,Automobile
Car Battery,Automobile
Car Battery (Organic),Automobile
Dashboard Camera - 2024 Model,Automobile
Car Battery (Organic),Automobile
Brake Pads Set (Organic),Automobile
All-Season Tires - Bulk Pack,Automobile
Leather Car Seat Covers,Automobile
Motor Oil 5W-30 - Bulk Pack,Automobile
Leather Car Seat Covers - 2024 Model,Automobile
Car Battery,Automobile
Dashboard Camera - Bulk Pack,Automobile
Motor Oil 5W-30 (Organic),Automobile
LED Headlights (Limited Edition),Automobile
Car Battery (Limited Edition),Automobile
Brake Pads Set (Organic),Automobile
Leather Car Seat Covers - Bulk Pack,Automobile
Dashboard Camera - Bulk Pack,Automobile
LED Headlights - 2024 Model,Automobile
Windshield Wipers (Limited Edition),Automobile
Leather Car Seat Covers,Automobile
Leather Car Seat Covers,Automobile
Dashboard Camera (Organic),Automobile
Motor Oil 5W-30 - Bulk Pack,Automobile
Car Battery - Bulk Pack,Automobile
Car Battery - 2024 Model,Automobile
LED Headlights (Organic),Automobile
All-Season Tires (Limited Edition),Automobile
Windshield Wipers - Premium Quality,Automobile
Leather Car Seat Covers - 2024 Model,Automobile
Motor Oil 5W-30 (Limited Edition),Automobile
Car Battery,Automobile
Windshield Wipers - 2024 Model,Automobile
Motor Oil 5W-30 - 2024 Model,Automobile
Leather Car Seat Covers - Premium Quality,Automobile
Dashboard Camera - Bulk Pack,Automobile
LED Headlights (Organic),Automobile
Windshield Wipers (Organic),Automobile
Windshield Wipers - 2024 Model,Automobile
Motor Oil 5W-30 (Limited Edition),Automobile
Brake Pads Set (Organic),Automobile
Brake Pads Set - Bulk Pack,Automobile
Windshield Wipers - Premium Quality,Automobile
Motor Oil 5W-30,Automobile
Car Battery (Organic),Automobile
All-Season Tires - 2024 Model,Automobile
Dashboard Camera - 2024 Model,Automobile
All-Season Tires - Premium Quality,Automobile
Motor Oil 5W-30 (Organic),Automobile
All-Season Tires - 2024 Model,Automobile
LED Headlights,Automobile
All-Season Tires (Limited Edition),Automobile
Car Battery - Premium Quality,Automobile
LED Headlights - Bulk Pack,Automobile
All-Season Tires - 2024 Model,Automobile
All-Season Tires - Premium Quality,Automobile
Brake Pads Set - Bulk Pack,Automobile
Leather Car Seat Covers - Premium Quality,Automobile
Brake Pads Set,Automobile
Motor Oil 5W-30 - Bulk Pack,Automobile
Car Battery - 2024 Model,Automobile
Motor Oil 5W-30 (Organic),Automobile
LED Headlights - Premium Quality,Automobile
Windshield Wipers (Organic),Automobile
Dashboard Camera - Premium Quality,Automobile
All-Season Tires - 2024 Model,Automobile
Leather Car Seat Covers,Automobile
Dashboard Camera (Limited Edition),Automobile
Brake Pads Set - 2024 Model,Automobile
Brake Pads Set - Bulk Pack,Automobile
LED Headlights - Premium Quality,Automobile
LED Headlights (Organic),Automobile
Brake Pads Set (Limited Edition),Automobile
LED Headlights - Premium Quality,Automobile
Windshield Wipers,Automobile
Brake Pads Set (Organic),Automobile
Dashboard Camera - 2024 Model,Automobile
LED Headlights - Premium Quality,Automobile
Brake Pads Set - 2024 Model,Automobile
Car Battery - Bulk Pack,Automobile
Dashboard Camera (Organic),Automobile
Brake Pads Set (Limited Edition),Automobile
Dashboard Camera - 2024 Model,Automobile
LED Headlights - Bulk Pack,Automobile
All-Season Tires,Automobile
Motor Oil 5W-30 - Premium Quality,Automobile
Car Battery - Premium Quality,Automobile
Dashboard Camera - Bulk Pack,Automobile
Car Battery (Limited Edition),Automobile
Leather Car Seat Covers (Limited Edition),Automobile
LED Headlights,Automobile
Leather Car Seat Covers - Bulk Pack,Automobile
All-Season Tires (Organic),Automobile
All-Season Tires - Premium Quality,Automobile
LED Headlights - Premium Quality,Automobile
Brake Pads Set - Bulk Pack,Automobile
Brake Pads Set (Organic),Automobile
Brake Pads Set - Bulk Pack,Automobile
Windshield Wipers - 2024 Model,Automobile
All-Season Tires - 2024 Model,Automobile
Car Battery - Bulk Pack,Automobile
All-Season Tires - 2024 Model,Automobile
Motor Oil 5W-30 (Limited Edition),Automobile
LED Headlights,Automobile
Windshield Wipers - Premium Quality,Automobile
All-Season Tires (Limited Edition),Automobile
Motor Oil 5W-30 (Organic),Automobile
Brake Pads Set - Bulk Pack,Automobile
Windshield Wipers,Automobile
Brake Pads Set - 2024 Model,Automobile
Dashboard Camera - Premium Quality,Automobile
Windshield Wipers - 2024 Model,Automobile
Car Battery (Organic),Automobile
All-Season Tires - Bulk Pack,Automobile
LED Headlights (Organic),Automobile
LED Headlights,Automobile
Leather Car Seat Covers - Bulk Pack,Automobile
Windshield Wipers - Premium Quality,Automobile
All-Season Tires (Organic),Automobile
All-Season Tires,Automobile
Leather Car Seat Covers,Automobile
Dashboard Camera (Limited Edition),Automobile
Motor Oil 5W-30 (Limited Edition),Automobile
Brake Pads Set - 2024 Model,Automobile
Motor Oil 5W-30 (Organic),Automobile
Windshield Wipers - 2024 Model,Automobile
Brake Pads Set - Premium Quality,Automobile
All-Season Tires - Bulk Pack,Automobile
Car Battery (Limited Edition),Automobile
Brake Pads Set - Bulk Pack,Automobile
Motor Oil 5W-30 (Organic),Automobile
Dashboard Camera (Limited Edition),Automobile
Windshield Wipers - 2024 Model,Automobile
All-Season Tires - Premium Quality,Automobile
Windshield Wipers,Automobile
Leather Car Seat Covers (Organic),Automobile
Windshield Wipers (Limited Edition),Automobile
Omeprazole 40mg - Premium Quality,Prescription
Omeprazole 40mg (Organic),Prescription
Lisinopril 10mg (Limited Edition),Prescription
Omeprazole 40mg - Bulk Pack,Prescription
Levothyroxine 50mcg - Premium Quality,Prescription
Levothyroxine 50mcg - Bulk Pack,Prescription
Omeprazole 40mg - Bulk Pack,Prescription
Albuterol Inhaler (Organic),Prescription
Atorvastatin 20mg (Limited Edition),Prescription
Levothyroxine 50mcg (Limited Edition),Prescription
Metformin XR 1000mg (Limited Edition),Prescription
Levothyroxine 50mcg - Premium Quality,Prescription
Albuterol Inhaler,Prescription
Lisinopril 10mg (Organic),Prescription
Insulin Pen (Organic),Prescription
Albuterol Inhaler - 2024 Model,Prescription
Atorvastatin 20mg,Prescription
Atorvastatin 20mg - 2024 Model,Prescription
Levothyroxine 50mcg - Bulk Pack,Prescription
Omeprazole 40mg - Bulk Pack,Prescription
Atorvastatin 20mg,Prescription
Metformin XR 1000mg - 2024 Model,Prescription
Insulin Pen,Prescription
Amoxicillin 500mg - Premium Quality,Prescription
Insulin Pen - Bulk Pack,Prescription
Insulin Pen - 2024 Model,Prescription
Atorvastatin 20mg - Bulk Pack,Prescription
Insulin Pen - Premium Quality,Prescription
Amoxicillin 500mg - Bulk Pack,Prescription
Levothyroxine 50mcg (Limited Edition),Prescription
Amoxicillin 500mg - Bulk Pack,Prescription
Omeprazole 40mg (Limited Edition),Prescription
Lisinopril 10mg (Limited Edition),Prescription
Albuterol Inhaler - Premium Quality,Prescription
Atorvastatin 20mg - Bulk Pack,Prescription
Amoxicillin 500mg (Organic),Prescription
Atorvastatin 20mg - 2024 Model,Prescription
Lisinopril 10mg,Prescription
Metformin XR 1000mg - 2024 Model,Prescription
Insulin Pen (Organic),Prescription
Lisinopril 10mg (Limited Edition),Prescription
Insulin Pen - Bulk Pack,Prescription
Metformin XR 1000mg - Bulk Pack,Prescription
Atorvastatin 20mg (Organic),Prescription
Albuterol Inhaler,Prescription
Atorvastatin 20mg (Organic),Prescription
Amoxicillin 500mg - Premium Quality,Prescription
Metformin XR 1000mg,Prescription
Atorvastatin 20mg - Premium Quality,Prescription
Lisinopril 10mg - Premium Quality,Prescription
Insulin Pen (Organic),Prescription
Levothyroxine 50mcg - Premium Quality,Prescription
Albuterol Inhaler (Limited Edition),Prescription
Metformin XR 1000mg - Bulk Pack,Prescription
Levothyroxine 50mcg - 2024 Model,Prescription
Levothyroxine 50mcg - Premium Quality,Prescription
Omeprazole 40mg,Prescription
Omeprazole 40mg - Bulk Pack,Prescription
Omeprazole 40mg,Prescription
Insulin Pen - 2024 Model,Prescription
Atorvastatin 20mg (Limited Edition),Prescription
Insulin Pen - 2024 Model,Prescription
Levothyroxine 50mcg (Limited Edition),Prescription
Albuterol Inhaler - 2024 Model,Prescription
Levothyroxine 50mcg - 2024 Model,Prescription
Albuterol Inhaler,Prescription
Insulin Pen - 2024 Model,Prescription
Lisinopril 10mg (Limited Edition),Prescription
Insulin Pen - Bulk Pack,Prescription
Atorvastatin 20mg - 2024 Model,Prescription
Omeprazole 40mg,Prescription
Lisinopril 10mg - Bulk Pack,Prescription
Amoxicillin 500mg (Limited Edition),Prescription
Amoxicillin 500mg (Organic),Prescription
Amoxicillin 500mg - Premium Quality,Prescription
Lisinopril 10mg - 2024 Model,Prescription
Lisinopril 10mg - Premium Quality,Prescription
Atorvastatin 20mg - Premium Quality,Prescription
Albuterol Inhaler (Organic),Prescription
Insulin Pen (Organic),Prescription
Insulin Pen - Premium Quality,Prescription
Albuterol Inhaler - 2024 Model,Prescription
Levothyroxine 50mcg (Limited Edition),Prescription
Insulin Pen (Organic),Prescription
Lisinopril 10mg (Limited Edition),Prescription
Atorvastatin 20mg,Prescription
Insulin Pen - 2024 Model,Prescription
Albuterol Inhaler - 2024 Model,Prescription
Lisinopril 10mg - Bulk Pack,Prescription
Lisinopril 10mg - 2024 Model,Prescription
Omeprazole 40mg (Limited Edition),Prescription
Albuterol Inhaler (Limited Edition),Prescription
Metformin XR 1000mg (Limited Edition),Prescription
Insulin Pen - 2024 Model,Prescription
Levothyroxine 50mcg (Organic),Prescription
Albuterol Inhaler - Premium Quality,Prescription
Lisinopril 10mg - Premium Quality,Prescription
Lisinopril 10mg,Prescription
Omeprazole 40mg,Prescription
Metformin XR 1000mg (Limited Edition),Prescription
Omeprazole 40mg - Bulk Pack,Prescription
Atorvastatin 20mg - 2024 Model,Prescription
Omeprazole 40mg,Prescription
Atorvastatin 20mg,Prescription
Albuterol Inhaler - Premium Quality,Prescription
Amoxicillin 500mg - 2024 Model,Prescription
Insulin Pen,Prescription
Omeprazole 40mg - 2024 Model,Prescription
Metformin XR 1000mg - Bulk Pack,Prescription
Levothyroxine 50mcg - Premium Quality,Prescription
Lisinopril 10mg - 2024 Model,Prescription
Insulin Pen - Bulk Pack,Prescription
Lisinopril 10mg,Prescription
Amoxicillin 500mg - Premium Quality,Prescription
Atorvastatin 20mg (Organic),Prescription
Metformin XR 1000mg - 2024 Model,Prescription
Metformin XR 1000mg (Organic),Prescription
Lisinopril 10mg (Limited Edition),Prescription
Metformin XR 1000mg - Premium Quality,Prescription
Metformin XR 1000mg (Organic),Prescription
Lisinopril 10mg,Prescription
Lisinopril 10mg (Organic),Prescription
Amoxicillin 500mg - 2024 Model,Prescription
Omeprazole 40mg - Bulk Pack,Prescription
Omeprazole 40mg - Premium Quality,Prescription
Levothyroxine 50mcg - Premium Quality,Prescription
Albuterol Inhaler,Prescription
Albuterol Inhaler (Organic),Prescription
Lisinopril 10mg (Organic),Prescription
Lisinopril 10mg - Premium Quality,Prescription
Lisinopril 10mg (Organic),Prescription
Metformin XR 1000mg (Limited Edition),Prescription
Atorvastatin 20mg (Limited Edition),Prescription
Albuterol Inhaler - 2024 Model,Prescription
Omeprazole 40mg (Organic),Prescription
Metformin XR 1000mg - Premium Quality,Prescription
Levothyroxine 50mcg (Limited Edition),Prescription
Amoxicillin 500mg (Organic),Prescription
Amoxicillin 500mg - Bulk Pack,Prescription
Amoxicillin 500mg (Limited Edition),Prescription
Metformin XR 1000mg (Limited Edition),Prescription
Metformin XR 1000mg (Limited Edition),Prescription
Amoxicillin 500mg,Prescription
Insulin Pen - Bulk Pack,Prescription
Omeprazole 40mg - 2024 Model,Prescription
Atorvastatin 20mg,Prescription
Atorvastatin 20mg (Organic),Prescription
Insulin Pen (Organic),Prescription
Amoxicillin 500mg (Limited Edition),Prescription
Omeprazole 40mg - Bulk Pack,Prescription
Insulin Pen - Premium Quality,Prescription
Metformin XR 1000mg (Organic),Prescription
Omeprazole 40mg (Organic),Prescription
Levothyroxine 50mcg - Premium Quality,Prescription
Levothyroxine 50mcg (Organic),Prescription
Levothyroxine 50mcg,Prescription
Metformin XR 1000mg (Limited Edition),Prescription
Atorvastatin 20mg - Premium Quality,Prescription
Albuterol Inhaler,Prescription
Insulin Pen - 2024 Model,Prescription